mean_phred_score	n_sequences	sample	read_pair	stage
25	4602534	1A	1	cleaned
26	6115008	1A	1	cleaned
27	6974951	1A	1	cleaned
28	6808594	1A	1	cleaned
29	5983752	1A	1	cleaned
30	5188642	1A	1	cleaned
31	4657178	1A	1	cleaned
32	4358881	1A	1	cleaned
33	4138997	1A	1	cleaned
34	3882312	1A	1	cleaned
35	3531659	1A	1	cleaned
36	3079502	1A	1	cleaned
37	2540888	1A	1	cleaned
38	1891000	1A	1	cleaned
39	1158064	1A	1	cleaned
40	489950	1A	1	cleaned
41	74183	1A	1	cleaned
42	206	1A	1	cleaned
25	3234236	1A	2	cleaned
26	5201443	1A	2	cleaned
27	6840611	1A	2	cleaned
28	6955415	1A	2	cleaned
29	5025610	1A	2	cleaned
30	4750516	1A	2	cleaned
31	4762425	1A	2	cleaned
32	4807421	1A	2	cleaned
33	4703729	1A	2	cleaned
34	4464452	1A	2	cleaned
35	4036335	1A	2	cleaned
36	3413037	1A	2	cleaned
37	2707520	1A	2	cleaned
38	2019254	1A	2	cleaned
39	1383169	1A	2	cleaned
40	812441	1A	2	cleaned
41	321299	1A	2	cleaned
42	37238	1A	2	cleaned
43	150	1A	2	cleaned
25	2778847	1C	1	cleaned
26	3701202	1C	1	cleaned
27	4256267	1C	1	cleaned
28	4194367	1C	1	cleaned
29	3691429	1C	1	cleaned
30	3190907	1C	1	cleaned
31	2852899	1C	1	cleaned
32	2657936	1C	1	cleaned
33	2520078	1C	1	cleaned
34	2371861	1C	1	cleaned
35	2166501	1C	1	cleaned
36	1904650	1C	1	cleaned
37	1585180	1C	1	cleaned
38	1191829	1C	1	cleaned
39	737085	1C	1	cleaned
40	319169	1C	1	cleaned
41	49433	1C	1	cleaned
42	159	1C	1	cleaned
25	1742452	1C	2	cleaned
26	2947985	1C	2	cleaned
27	4141183	1C	2	cleaned
28	4545365	1C	2	cleaned
29	3114401	1C	2	cleaned
30	2874107	1C	2	cleaned
31	2872742	1C	2	cleaned
32	2910354	1C	2	cleaned
33	2864305	1C	2	cleaned
34	2743359	1C	2	cleaned
35	2506448	1C	2	cleaned
36	2146694	1C	2	cleaned
37	1727463	1C	2	cleaned
38	1306496	1C	2	cleaned
39	913507	1C	2	cleaned
40	551238	1C	2	cleaned
41	230966	1C	2	cleaned
42	30624	1C	2	cleaned
43	110	1C	2	cleaned
25	4238529	2A	1	cleaned
26	5581850	2A	1	cleaned
27	6356803	2A	1	cleaned
28	6226615	2A	1	cleaned
29	5483652	2A	1	cleaned
30	4749435	2A	1	cleaned
31	4269053	2A	1	cleaned
32	3985614	2A	1	cleaned
33	3783635	2A	1	cleaned
34	3560588	2A	1	cleaned
35	3243059	2A	1	cleaned
36	2834186	2A	1	cleaned
37	2340447	2A	1	cleaned
38	1744462	2A	1	cleaned
39	1069002	2A	1	cleaned
40	455477	2A	1	cleaned
41	68179	2A	1	cleaned
42	205	2A	1	cleaned
25	2552914	2A	2	cleaned
26	4277159	2A	2	cleaned
27	6023677	2A	2	cleaned
28	6789617	2A	2	cleaned
29	4661227	2A	2	cleaned
30	4296645	2A	2	cleaned
31	4296772	2A	2	cleaned
32	4367440	2A	2	cleaned
33	4316820	2A	2	cleaned
34	4139020	2A	2	cleaned
35	3799628	2A	2	cleaned
36	3261360	2A	2	cleaned
37	2623223	2A	2	cleaned
38	1982996	2A	2	cleaned
39	1382815	2A	2	cleaned
40	830926	2A	2	cleaned
41	346493	2A	2	cleaned
42	41908	2A	2	cleaned
43	151	2A	2	cleaned
25	3073481	2C	1	cleaned
26	3978325	2C	1	cleaned
27	4414082	2C	1	cleaned
28	4224623	2C	1	cleaned
29	3693425	2C	1	cleaned
30	3220895	2C	1	cleaned
31	2932428	2C	1	cleaned
32	2770333	2C	1	cleaned
33	2636174	2C	1	cleaned
34	2453563	2C	1	cleaned
35	2186502	2C	1	cleaned
36	1849115	2C	1	cleaned
37	1468162	2C	1	cleaned
38	1044601	2C	1	cleaned
39	604445	2C	1	cleaned
40	236013	2C	1	cleaned
41	30095	2C	1	cleaned
42	81	2C	1	cleaned
25	2041730	2C	2	cleaned
26	3295581	2C	2	cleaned
27	4327788	2C	2	cleaned
28	4256224	2C	2	cleaned
29	3100074	2C	2	cleaned
30	2946139	2C	2	cleaned
31	2968179	2C	2	cleaned
32	3011402	2C	2	cleaned
33	2961908	2C	2	cleaned
34	2821815	2C	2	cleaned
35	2542959	2C	2	cleaned
36	2138072	2C	2	cleaned
37	1679786	2C	2	cleaned
38	1234310	2C	2	cleaned
39	830338	2C	2	cleaned
40	472356	2C	2	cleaned
41	171082	2C	2	cleaned
42	16540	2C	2	cleaned
43	60	2C	2	cleaned
25	4265358	6A	1	cleaned
26	5595221	6A	1	cleaned
27	6355657	6A	1	cleaned
28	6205763	6A	1	cleaned
29	5456413	6A	1	cleaned
30	4736259	6A	1	cleaned
31	4258171	6A	1	cleaned
32	3981744	6A	1	cleaned
33	3784375	6A	1	cleaned
34	3556035	6A	1	cleaned
35	3223322	6A	1	cleaned
36	2796594	6A	1	cleaned
37	2293672	6A	1	cleaned
38	1696597	6A	1	cleaned
39	1033485	6A	1	cleaned
40	431187	6A	1	cleaned
41	61888	6A	1	cleaned
42	160	6A	1	cleaned
25	2622154	6A	2	cleaned
26	4289975	6A	2	cleaned
27	6001562	6A	2	cleaned
28	6768479	6A	2	cleaned
29	4628437	6A	2	cleaned
30	4284310	6A	2	cleaned
31	4286989	6A	2	cleaned
32	4369050	6A	2	cleaned
33	4309555	6A	2	cleaned
34	4144435	6A	2	cleaned
35	3806477	6A	2	cleaned
36	3254749	6A	2	cleaned
37	2593088	6A	2	cleaned
38	1934266	6A	2	cleaned
39	1328114	6A	2	cleaned
40	780815	6A	2	cleaned
41	301111	6A	2	cleaned
42	28224	6A	2	cleaned
43	111	6A	2	cleaned
25	3255630	6C	1	cleaned
26	4221374	6C	1	cleaned
27	4704287	6C	1	cleaned
28	4526922	6C	1	cleaned
29	3979113	6C	1	cleaned
30	3470831	6C	1	cleaned
31	3141870	6C	1	cleaned
32	2953070	6C	1	cleaned
33	2808127	6C	1	cleaned
34	2626629	6C	1	cleaned
35	2377509	6C	1	cleaned
36	2057193	6C	1	cleaned
37	1673829	6C	1	cleaned
38	1217912	6C	1	cleaned
39	722571	6C	1	cleaned
40	296941	6C	1	cleaned
41	42014	6C	1	cleaned
42	108	6C	1	cleaned
25	2495488	6C	2	cleaned
26	3865611	6C	2	cleaned
27	4724797	6C	2	cleaned
28	4403874	6C	2	cleaned
29	3339762	6C	2	cleaned
30	3207180	6C	2	cleaned
31	3228436	6C	2	cleaned
32	3243510	6C	2	cleaned
33	3158235	6C	2	cleaned
34	2972643	6C	2	cleaned
35	2657124	6C	2	cleaned
36	2219484	6C	2	cleaned
37	1742383	6C	2	cleaned
38	1276513	6C	2	cleaned
39	855911	6C	2	cleaned
40	486902	6C	2	cleaned
41	179721	6C	2	cleaned
42	18304	6C	2	cleaned
43	52	6C	2	cleaned
25	3800951	SS1	1	cleaned
26	4839408	SS1	1	cleaned
27	5350168	SS1	1	cleaned
28	5143773	SS1	1	cleaned
29	4524031	SS1	1	cleaned
30	3954966	SS1	1	cleaned
31	3575369	SS1	1	cleaned
32	3348446	SS1	1	cleaned
33	3175962	SS1	1	cleaned
34	2960859	SS1	1	cleaned
35	2673857	SS1	1	cleaned
36	2300090	SS1	1	cleaned
37	1871873	SS1	1	cleaned
38	1357933	SS1	1	cleaned
39	803831	SS1	1	cleaned
40	328680	SS1	1	cleaned
41	47816	SS1	1	cleaned
42	131	SS1	1	cleaned
25	2506131	SS1	2	cleaned
26	3911520	SS1	2	cleaned
27	5130622	SS1	2	cleaned
28	5424773	SS1	2	cleaned
29	3854375	SS1	2	cleaned
30	3585264	SS1	2	cleaned
31	3572078	SS1	2	cleaned
32	3614203	SS1	2	cleaned
33	3549912	SS1	2	cleaned
34	3392462	SS1	2	cleaned
35	3094693	SS1	2	cleaned
36	2640916	SS1	2	cleaned
37	2119904	SS1	2	cleaned
38	1595675	SS1	2	cleaned
39	1102511	SS1	2	cleaned
40	659084	SS1	2	cleaned
41	269299	SS1	2	cleaned
42	34583	SS1	2	cleaned
43	139	SS1	2	cleaned
25	2213939	SS2	1	cleaned
26	2943781	SS2	1	cleaned
27	3374565	SS2	1	cleaned
28	3320631	SS2	1	cleaned
29	2934503	SS2	1	cleaned
30	2548323	SS2	1	cleaned
31	2281738	SS2	1	cleaned
32	2126682	SS2	1	cleaned
33	2026648	SS2	1	cleaned
34	1919629	SS2	1	cleaned
35	1768926	SS2	1	cleaned
36	1570244	SS2	1	cleaned
37	1313385	SS2	1	cleaned
38	982308	SS2	1	cleaned
39	602236	SS2	1	cleaned
40	259269	SS2	1	cleaned
41	40040	SS2	1	cleaned
42	106	SS2	1	cleaned
25	1885477	SS2	2	cleaned
26	2804774	SS2	2	cleaned
27	3357565	SS2	2	cleaned
28	3256219	SS2	2	cleaned
29	2456839	SS2	2	cleaned
30	2324003	SS2	2	cleaned
31	2319701	SS2	2	cleaned
32	2323165	SS2	2	cleaned
33	2258704	SS2	2	cleaned
34	2130672	SS2	2	cleaned
35	1921303	SS2	2	cleaned
36	1631654	SS2	2	cleaned
37	1305506	SS2	2	cleaned
38	978679	SS2	2	cleaned
39	676783	SS2	2	cleaned
40	405810	SS2	2	cleaned
41	168205	SS2	2	cleaned
42	21809	SS2	2	cleaned
43	85	SS2	2	cleaned
25	2304471	1A	1	dedup
26	2661074	1A	1	dedup
27	2651118	1A	1	dedup
28	2380555	1A	1	dedup
29	2057358	1A	1	dedup
30	1814617	1A	1	dedup
31	1660707	1A	1	dedup
32	1548732	1A	1	dedup
33	1414787	1A	1	dedup
34	1233660	1A	1	dedup
35	1012338	1A	1	dedup
36	790698	1A	1	dedup
37	590881	1A	1	dedup
38	409971	1A	1	dedup
39	234580	1A	1	dedup
40	83596	1A	1	dedup
41	7805	1A	1	dedup
42	16	1A	1	dedup
25	1538066	1A	2	dedup
26	2169585	1A	2	dedup
27	2488969	1A	2	dedup
28	2319232	1A	2	dedup
29	1837999	1A	2	dedup
30	1767950	1A	2	dedup
31	1752368	1A	2	dedup
32	1715846	1A	2	dedup
33	1617074	1A	2	dedup
34	1476085	1A	2	dedup
35	1271166	1A	2	dedup
36	1014247	1A	2	dedup
37	756331	1A	2	dedup
38	535039	1A	2	dedup
39	344692	1A	2	dedup
40	187425	1A	2	dedup
41	61019	1A	2	dedup
42	3857	1A	2	dedup
43	14	1A	2	dedup
25	1392050	1C	1	dedup
26	1628178	1C	1	dedup
27	1647058	1C	1	dedup
28	1494394	1C	1	dedup
29	1289966	1C	1	dedup
30	1131444	1C	1	dedup
31	1031631	1C	1	dedup
32	961011	1C	1	dedup
33	882854	1C	1	dedup
34	782520	1C	1	dedup
35	653288	1C	1	dedup
36	520411	1C	1	dedup
37	398593	1C	1	dedup
38	286838	1C	1	dedup
39	174974	1C	1	dedup
40	68075	1C	1	dedup
41	6923	1C	1	dedup
42	29	1C	1	dedup
25	835977	1C	2	dedup
26	1255632	1C	2	dedup
27	1549837	1C	2	dedup
28	1526298	1C	2	dedup
29	1139970	1C	2	dedup
30	1083654	1C	2	dedup
31	1077511	1C	2	dedup
32	1065733	1C	2	dedup
33	1018335	1C	2	dedup
34	946462	1C	2	dedup
35	832724	1C	2	dedup
36	679367	1C	2	dedup
37	519423	1C	2	dedup
38	374204	1C	2	dedup
39	249931	1C	2	dedup
40	142129	1C	2	dedup
41	49477	1C	2	dedup
42	3566	1C	2	dedup
43	7	1C	2	dedup
25	2053543	2A	1	dedup
26	2354836	2A	1	dedup
27	2351211	2A	1	dedup
28	2120408	2A	1	dedup
29	1839559	2A	1	dedup
30	1620857	2A	1	dedup
31	1484600	2A	1	dedup
32	1382482	2A	1	dedup
33	1264373	2A	1	dedup
34	1108584	2A	1	dedup
35	914045	2A	1	dedup
36	718748	2A	1	dedup
37	539692	2A	1	dedup
38	374764	2A	1	dedup
39	215403	2A	1	dedup
40	77386	2A	1	dedup
41	7192	2A	1	dedup
42	22	2A	1	dedup
25	1211854	2A	2	dedup
26	1792376	2A	2	dedup
27	2192079	2A	2	dedup
28	2168863	2A	2	dedup
29	1637963	2A	2	dedup
30	1555804	2A	2	dedup
31	1543692	2A	2	dedup
32	1528425	2A	2	dedup
33	1458225	2A	2	dedup
34	1352252	2A	2	dedup
35	1183690	2A	2	dedup
36	959638	2A	2	dedup
37	724604	2A	2	dedup
38	519233	2A	2	dedup
39	340519	2A	2	dedup
40	189452	2A	2	dedup
41	64736	2A	2	dedup
42	4295	2A	2	dedup
43	5	2A	2	dedup
25	1606578	2C	1	dedup
26	1846463	2C	1	dedup
27	1837142	2C	1	dedup
28	1654385	2C	1	dedup
29	1436891	2C	1	dedup
30	1274182	2C	1	dedup
31	1178747	2C	1	dedup
32	1107395	2C	1	dedup
33	1013888	2C	1	dedup
34	886198	2C	1	dedup
35	722580	2C	1	dedup
36	557671	2C	1	dedup
37	409199	2C	1	dedup
38	274870	2C	1	dedup
39	148669	2C	1	dedup
40	49514	2C	1	dedup
41	3812	2C	1	dedup
42	11	2C	1	dedup
25	1021618	2C	2	dedup
26	1495695	2C	2	dedup
27	1754296	2C	2	dedup
28	1609393	2C	2	dedup
29	1262411	2C	2	dedup
30	1218661	2C	2	dedup
31	1216660	2C	2	dedup
32	1204802	2C	2	dedup
33	1151857	2C	2	dedup
34	1062051	2C	2	dedup
35	916750	2C	2	dedup
36	735698	2C	2	dedup
37	550675	2C	2	dedup
38	386017	2C	2	dedup
39	247349	2C	2	dedup
40	131954	2C	2	dedup
41	40145	2C	2	dedup
42	2158	2C	2	dedup
43	5	2C	2	dedup
25	2192336	6A	1	dedup
26	2515580	6A	1	dedup
27	2522459	6A	1	dedup
28	2281667	6A	1	dedup
29	1980200	6A	1	dedup
30	1752575	6A	1	dedup
31	1604859	6A	1	dedup
32	1492293	6A	1	dedup
33	1368957	6A	1	dedup
34	1204220	6A	1	dedup
35	997994	6A	1	dedup
36	783872	6A	1	dedup
37	593517	6A	1	dedup
38	422440	6A	1	dedup
39	253750	6A	1	dedup
40	96231	6A	1	dedup
41	9072	6A	1	dedup
42	25	6A	1	dedup
25	1248660	6A	2	dedup
26	1850397	6A	2	dedup
27	2319482	6A	2	dedup
28	2371990	6A	2	dedup
29	1752724	6A	2	dedup
30	1658457	6A	2	dedup
31	1652844	6A	2	dedup
32	1648476	6A	2	dedup
33	1585166	6A	2	dedup
34	1483998	6A	2	dedup
35	1315920	6A	2	dedup
36	1077051	6A	2	dedup
37	822100	6A	2	dedup
38	592006	6A	2	dedup
39	392001	6A	2	dedup
40	221035	6A	2	dedup
41	75550	6A	2	dedup
42	4180	6A	2	dedup
43	10	6A	2	dedup
25	1630125	6C	1	dedup
26	1859362	6C	1	dedup
27	1841947	6C	1	dedup
28	1648402	6C	1	dedup
29	1428113	6C	1	dedup
30	1264793	6C	1	dedup
31	1163331	6C	1	dedup
32	1084020	6C	1	dedup
33	992829	6C	1	dedup
34	865928	6C	1	dedup
35	711799	6C	1	dedup
36	555503	6C	1	dedup
37	414968	6C	1	dedup
38	287816	6C	1	dedup
39	167185	6C	1	dedup
40	60870	6C	1	dedup
41	5525	6C	1	dedup
42	14	6C	1	dedup
25	1147642	6C	2	dedup
26	1586204	6C	2	dedup
27	1746281	6C	2	dedup
28	1546143	6C	2	dedup
29	1265008	6C	2	dedup
30	1225944	6C	2	dedup
31	1223237	6C	2	dedup
32	1194445	6C	2	dedup
33	1129362	6C	2	dedup
34	1028535	6C	2	dedup
35	884660	6C	2	dedup
36	702657	6C	2	dedup
37	526069	6C	2	dedup
38	370104	6C	2	dedup
39	237021	6C	2	dedup
40	127150	6C	2	dedup
41	39764	6C	2	dedup
42	2298	6C	2	dedup
43	6	6C	2	dedup
25	1985333	SS1	1	dedup
26	2269958	SS1	1	dedup
27	2271522	SS1	1	dedup
28	2054439	SS1	1	dedup
29	1785683	SS1	1	dedup
30	1578853	SS1	1	dedup
31	1444728	SS1	1	dedup
32	1345421	SS1	1	dedup
33	1236180	SS1	1	dedup
34	1087223	SS1	1	dedup
35	906034	SS1	1	dedup
36	713489	SS1	1	dedup
37	537133	SS1	1	dedup
38	368804	SS1	1	dedup
39	206517	SS1	1	dedup
40	72861	SS1	1	dedup
41	6972	SS1	1	dedup
42	20	SS1	1	dedup
25	1219673	SS1	2	dedup
26	1763523	SS1	2	dedup
27	2137220	SS1	2	dedup
28	2077619	SS1	2	dedup
29	1567621	SS1	2	dedup
30	1485080	SS1	2	dedup
31	1472128	SS1	2	dedup
32	1464086	SS1	2	dedup
33	1403878	SS1	2	dedup
34	1311958	SS1	2	dedup
35	1162600	SS1	2	dedup
36	949978	SS1	2	dedup
37	726267	SS1	2	dedup
38	523072	SS1	2	dedup
39	344299	SS1	2	dedup
40	192623	SS1	2	dedup
41	64902	SS1	2	dedup
42	4630	SS1	2	dedup
43	13	SS1	2	dedup
25	1021394	SS2	1	dedup
26	1192132	SS2	1	dedup
27	1210243	SS2	1	dedup
28	1098169	SS2	1	dedup
29	949380	SS2	1	dedup
30	832183	SS2	1	dedup
31	757782	SS2	1	dedup
32	704030	SS2	1	dedup
33	654455	SS2	1	dedup
34	584035	SS2	1	dedup
35	494207	SS2	1	dedup
36	396892	SS2	1	dedup
37	304521	SS2	1	dedup
38	216110	SS2	1	dedup
39	129101	SS2	1	dedup
40	49326	SS2	1	dedup
41	5049	SS2	1	dedup
42	8	SS2	1	dedup
25	777695	SS2	2	dedup
26	1049038	SS2	2	dedup
27	1154532	SS2	2	dedup
28	1043746	SS2	2	dedup
29	840180	SS2	2	dedup
30	799240	SS2	2	dedup
31	789828	SS2	2	dedup
32	771165	SS2	2	dedup
33	728048	SS2	2	dedup
34	669574	SS2	2	dedup
35	582408	SS2	2	dedup
36	472436	SS2	2	dedup
37	360312	SS2	2	dedup
38	258587	SS2	2	dedup
39	171544	SS2	2	dedup
40	96101	SS2	2	dedup
41	32284	SS2	2	dedup
42	2291	SS2	2	dedup
43	8	SS2	2	dedup
24	29721	1A	1	host
25	457604	1A	1	host
26	487341	1A	1	host
27	469458	1A	1	host
28	419578	1A	1	host
29	362970	1A	1	host
30	318679	1A	1	host
31	285490	1A	1	host
32	256823	1A	1	host
33	223527	1A	1	host
34	187594	1A	1	host
35	149541	1A	1	host
36	114908	1A	1	host
37	79918	1A	1	host
38	40812	1A	1	host
39	5762	1A	1	host
40	5	1A	1	host
24	2307	1A	2	host
25	318522	1A	2	host
26	387342	1A	2	host
27	436978	1A	2	host
28	424956	1A	2	host
29	335474	1A	2	host
30	314066	1A	2	host
31	300646	1A	2	host
32	284894	1A	2	host
33	262425	1A	2	host
34	238251	1A	2	host
35	204501	1A	2	host
36	162320	1A	2	host
37	117878	1A	2	host
38	71065	1A	2	host
39	27042	1A	2	host
40	1064	1A	2	host
24	16985	1C	1	host
25	264443	1C	1	host
26	288218	1C	1	host
27	285687	1C	1	host
28	259700	1C	1	host
29	223517	1C	1	host
30	195195	1C	1	host
31	175484	1C	1	host
32	159550	1C	1	host
33	141561	1C	1	host
34	122016	1C	1	host
35	100032	1C	1	host
36	79544	1C	1	host
37	56461	1C	1	host
38	30240	1C	1	host
39	4649	1C	1	host
40	7	1C	1	host
24	1291	1C	2	host
25	168818	1C	2	host
26	218606	1C	2	host
27	263931	1C	2	host
28	272697	1C	2	host
29	204306	1C	2	host
30	189163	1C	2	host
31	182644	1C	2	host
32	175782	1C	2	host
33	165860	1C	2	host
34	154413	1C	2	host
35	135685	1C	2	host
36	111895	1C	2	host
37	82924	1C	2	host
38	52733	1C	2	host
39	21569	1C	2	host
40	972	1C	2	host
24	26083	2A	1	host
25	400442	2A	1	host
26	428286	2A	1	host
27	415977	2A	1	host
28	373691	2A	1	host
29	323500	2A	1	host
30	283852	2A	1	host
31	254878	2A	1	host
32	230229	2A	1	host
33	202859	2A	1	host
34	171536	2A	1	host
35	138448	2A	1	host
36	107944	2A	1	host
37	74554	2A	1	host
38	37977	2A	1	host
39	5632	2A	1	host
40	7	2A	1	host
24	1869	2A	2	host
25	254218	2A	2	host
26	318495	2A	2	host
27	379593	2A	2	host
28	393929	2A	2	host
29	299344	2A	2	host
30	277239	2A	2	host
31	266292	2A	2	host
32	255597	2A	2	host
33	239577	2A	2	host
34	220168	2A	2	host
35	194033	2A	2	host
36	156988	2A	2	host
37	115204	2A	2	host
38	72737	2A	2	host
39	29324	2A	2	host
40	1288	2A	2	host
24	20138	2C	1	host
25	315676	2C	1	host
26	339540	2C	1	host
27	329853	2C	1	host
28	296002	2C	1	host
29	257010	2C	1	host
30	226725	2C	1	host
31	205946	2C	1	host
32	186205	2C	1	host
33	164717	2C	1	host
34	137684	2C	1	host
35	109270	2C	1	host
36	81697	2C	1	host
37	54213	2C	1	host
38	26005	2C	1	host
39	3267	2C	1	host
40	2	2C	1	host
24	1385	2C	2	host
25	213863	2C	2	host
26	267177	2C	2	host
27	307416	2C	2	host
28	296529	2C	2	host
29	233587	2C	2	host
30	219703	2C	2	host
31	212913	2C	2	host
32	204892	2C	2	host
33	191962	2C	2	host
34	175001	2C	2	host
35	150967	2C	2	host
36	120672	2C	2	host
37	86696	2C	2	host
38	51914	2C	2	host
39	18673	2C	2	host
40	600	2C	2	host
24	28129	6A	1	host
25	425324	6A	1	host
26	454137	6A	1	host
27	442268	6A	1	host
28	398687	6A	1	host
29	346237	6A	1	host
30	304683	6A	1	host
31	272262	6A	1	host
32	245048	6A	1	host
33	216425	6A	1	host
34	183896	6A	1	host
35	148183	6A	1	host
36	115599	6A	1	host
37	81112	6A	1	host
38	42529	6A	1	host
39	6279	6A	1	host
40	6	6A	1	host
24	2049	6A	2	host
25	266062	6A	2	host
26	328357	6A	2	host
27	397212	6A	2	host
28	425720	6A	2	host
29	317422	6A	2	host
30	291436	6A	2	host
31	281903	6A	2	host
32	273695	6A	2	host
33	257899	6A	2	host
34	239153	6A	2	host
35	212645	6A	2	host
36	174755	6A	2	host
37	128528	6A	2	host
38	80639	6A	2	host
39	32141	6A	2	host
40	1188	6A	2	host
24	22167	6C	1	host
25	346173	6C	1	host
26	369560	6C	1	host
27	357865	6C	1	host
28	320348	6C	1	host
29	278431	6C	1	host
30	244810	6C	1	host
31	220808	6C	1	host
32	199361	6C	1	host
33	176202	6C	1	host
34	147611	6C	1	host
35	119448	6C	1	host
36	91494	6C	1	host
37	62955	6C	1	host
38	31887	6C	1	host
39	4556	6C	1	host
40	4	6C	1	host
24	1825	6C	2	host
25	254857	6C	2	host
26	309549	6C	2	host
27	338716	6C	2	host
28	312905	6C	2	host
29	254258	6C	2	host
30	239186	6C	2	host
31	231037	6C	2	host
32	219486	6C	2	host
33	202843	6C	2	host
34	183933	6C	2	host
35	157939	6C	2	host
36	124780	6C	2	host
37	89274	6C	2	host
38	53009	6C	2	host
39	19420	6C	2	host
40	663	6C	2	host
24	33052	SS1	1	host
25	530409	SS1	1	host
26	588248	SS1	1	host
27	583248	SS1	1	host
28	529397	SS1	1	host
29	459489	SS1	1	host
30	406321	SS1	1	host
31	369887	SS1	1	host
32	340557	SS1	1	host
33	304253	SS1	1	host
34	260996	SS1	1	host
35	211233	SS1	1	host
36	161801	SS1	1	host
37	109694	SS1	1	host
38	53358	SS1	1	host
39	7388	SS1	1	host
40	5	SS1	1	host
24	2382	SS1	2	host
25	347082	SS1	2	host
26	453627	SS1	2	host
27	539458	SS1	2	host
28	537867	SS1	2	host
29	410285	SS1	2	host
30	384316	SS1	2	host
31	375115	SS1	2	host
32	367142	SS1	2	host
33	349746	SS1	2	host
34	329154	SS1	2	host
35	292371	SS1	2	host
36	236537	SS1	2	host
37	173621	SS1	2	host
38	107335	SS1	2	host
39	41601	SS1	2	host
40	1697	SS1	2	host
24	17858	SS2	1	host
25	302572	SS2	1	host
26	347977	SS2	1	host
27	354575	SS2	1	host
28	322528	SS2	1	host
29	280044	SS2	1	host
30	245516	SS2	1	host
31	224482	SS2	1	host
32	210182	SS2	1	host
33	192596	SS2	1	host
34	169150	SS2	1	host
35	138694	SS2	1	host
36	109077	SS2	1	host
37	76130	SS2	1	host
38	39141	SS2	1	host
39	5489	SS2	1	host
40	3	SS2	1	host
24	1482	SS2	2	host
25	220958	SS2	2	host
26	292530	SS2	2	host
27	331488	SS2	2	host
28	308850	SS2	2	host
29	245862	SS2	2	host
30	232960	SS2	2	host
31	229976	SS2	2	host
32	225825	SS2	2	host
33	217508	SS2	2	host
34	202962	SS2	2	host
35	179288	SS2	2	host
36	146329	SS2	2	host
37	107621	SS2	2	host
38	66231	SS2	2	host
39	25178	SS2	2	host
40	966	SS2	2	host
5	7	1A	1	raw_concat
6	15	1A	1	raw_concat
7	41	1A	1	raw_concat
8	87	1A	1	raw_concat
9	172	1A	1	raw_concat
10	338	1A	1	raw_concat
11	777	1A	1	raw_concat
12	1962	1A	1	raw_concat
13	4658	1A	1	raw_concat
14	10325	1A	1	raw_concat
15	22806	1A	1	raw_concat
16	48126	1A	1	raw_concat
17	99811	1A	1	raw_concat
18	200232	1A	1	raw_concat
19	381689	1A	1	raw_concat
20	698710	1A	1	raw_concat
21	1201816	1A	1	raw_concat
22	1970553	1A	1	raw_concat
23	3045789	1A	1	raw_concat
24	4409313	1A	1	raw_concat
25	5920990	1A	1	raw_concat
26	7244200	1A	1	raw_concat
27	7841405	1A	1	raw_concat
28	7291529	1A	1	raw_concat
29	6147456	1A	1	raw_concat
30	5202278	1A	1	raw_concat
31	4613977	1A	1	raw_concat
32	4268259	1A	1	raw_concat
33	3992552	1A	1	raw_concat
34	3647875	1A	1	raw_concat
35	3189377	1A	1	raw_concat
36	2613122	1A	1	raw_concat
37	1976499	1A	1	raw_concat
38	1360361	1A	1	raw_concat
39	772541	1A	1	raw_concat
40	259369	1A	1	raw_concat
41	12832	1A	1	raw_concat
0	9	1A	2	raw_concat
1	53	1A	2	raw_concat
2	143	1A	2	raw_concat
3	181	1A	2	raw_concat
4	367	1A	2	raw_concat
5	552	1A	2	raw_concat
6	758	1A	2	raw_concat
7	1292	1A	2	raw_concat
8	2001	1A	2	raw_concat
9	3257	1A	2	raw_concat
10	5525	1A	2	raw_concat
11	9175	1A	2	raw_concat
12	14972	1A	2	raw_concat
13	23972	1A	2	raw_concat
14	38301	1A	2	raw_concat
15	58484	1A	2	raw_concat
16	88245	1A	2	raw_concat
17	130966	1A	2	raw_concat
18	197009	1A	2	raw_concat
19	298342	1A	2	raw_concat
20	457397	1A	2	raw_concat
21	717912	1A	2	raw_concat
22	1140887	1A	2	raw_concat
23	1829958	1A	2	raw_concat
24	2928135	1A	2	raw_concat
25	4646453	1A	2	raw_concat
26	6708365	1A	2	raw_concat
27	8112903	1A	2	raw_concat
28	7663958	1A	2	raw_concat
29	5724023	1A	2	raw_concat
30	5396660	1A	2	raw_concat
31	5275425	1A	2	raw_concat
32	5137854	1A	2	raw_concat
33	4831165	1A	2	raw_concat
34	4429384	1A	2	raw_concat
35	3844895	1A	2	raw_concat
36	3080163	1A	2	raw_concat
37	2298055	1A	2	raw_concat
38	1624941	1A	2	raw_concat
39	1033561	1A	2	raw_concat
40	542395	1A	2	raw_concat
41	149863	1A	2	raw_concat
42	3893	1A	2	raw_concat
5	3	1C	1	raw_concat
6	11	1C	1	raw_concat
7	22	1C	1	raw_concat
8	44	1C	1	raw_concat
9	96	1C	1	raw_concat
10	160	1C	1	raw_concat
11	479	1C	1	raw_concat
12	969	1C	1	raw_concat
13	2520	1C	1	raw_concat
14	5513	1C	1	raw_concat
15	12045	1C	1	raw_concat
16	25953	1C	1	raw_concat
17	55982	1C	1	raw_concat
18	113989	1C	1	raw_concat
19	222432	1C	1	raw_concat
20	407168	1C	1	raw_concat
21	709717	1C	1	raw_concat
22	1162188	1C	1	raw_concat
23	1797125	1C	1	raw_concat
24	2611639	1C	1	raw_concat
25	3520039	1C	1	raw_concat
26	4333599	1C	1	raw_concat
27	4754402	1C	1	raw_concat
28	4459740	1C	1	raw_concat
29	3758366	1C	1	raw_concat
30	3167464	1C	1	raw_concat
31	2799495	1C	1	raw_concat
32	2583334	1C	1	raw_concat
33	2413648	1C	1	raw_concat
34	2214891	1C	1	raw_concat
35	1939431	1C	1	raw_concat
36	1594134	1C	1	raw_concat
37	1211797	1C	1	raw_concat
38	839352	1C	1	raw_concat
39	481868	1C	1	raw_concat
40	168117	1C	1	raw_concat
41	8852	1C	1	raw_concat
0	9	1C	2	raw_concat
1	30	1C	2	raw_concat
2	86	1C	2	raw_concat
3	153	1C	2	raw_concat
4	221	1C	2	raw_concat
5	336	1C	2	raw_concat
6	571	1C	2	raw_concat
7	902	1C	2	raw_concat
8	1465	1C	2	raw_concat
9	2400	1C	2	raw_concat
10	3722	1C	2	raw_concat
11	5823	1C	2	raw_concat
12	9025	1C	2	raw_concat
13	13606	1C	2	raw_concat
14	21190	1C	2	raw_concat
15	31880	1C	2	raw_concat
16	46422	1C	2	raw_concat
17	68208	1C	2	raw_concat
18	100666	1C	2	raw_concat
19	152248	1C	2	raw_concat
20	233629	1C	2	raw_concat
21	367400	1C	2	raw_concat
22	587199	1C	2	raw_concat
23	953358	1C	2	raw_concat
24	1558979	1C	2	raw_concat
25	2554702	1C	2	raw_concat
26	3877358	1C	2	raw_concat
27	4975998	1C	2	raw_concat
28	4980632	1C	2	raw_concat
29	3512042	1C	2	raw_concat
30	3273297	1C	2	raw_concat
31	3206603	1C	2	raw_concat
32	3137055	1C	2	raw_concat
33	2970673	1C	2	raw_concat
34	2744588	1C	2	raw_concat
35	2405407	1C	2	raw_concat
36	1946492	1C	2	raw_concat
37	1460947	1C	2	raw_concat
38	1038666	1C	2	raw_concat
39	669836	1C	2	raw_concat
40	357852	1C	2	raw_concat
41	102011	1C	2	raw_concat
42	2897	1C	2	raw_concat
4	1	2A	1	raw_concat
5	1	2A	1	raw_concat
6	26	2A	1	raw_concat
7	37	2A	1	raw_concat
8	82	2A	1	raw_concat
9	139	2A	1	raw_concat
10	266	2A	1	raw_concat
11	660	2A	1	raw_concat
12	1593	2A	1	raw_concat
13	3677	2A	1	raw_concat
14	8158	2A	1	raw_concat
15	18298	2A	1	raw_concat
16	39949	2A	1	raw_concat
17	85080	2A	1	raw_concat
18	174757	2A	1	raw_concat
19	339130	2A	1	raw_concat
20	624221	2A	1	raw_concat
21	1082350	2A	1	raw_concat
22	1774218	2A	1	raw_concat
23	2736551	2A	1	raw_concat
24	3949541	2A	1	raw_concat
25	5304244	2A	1	raw_concat
26	6496993	2A	1	raw_concat
27	7084035	2A	1	raw_concat
28	6630824	2A	1	raw_concat
29	5597481	2A	1	raw_concat
30	4743694	2A	1	raw_concat
31	4205275	2A	1	raw_concat
32	3888921	2A	1	raw_concat
33	3638316	2A	1	raw_concat
34	3337671	2A	1	raw_concat
35	2919822	2A	1	raw_concat
36	2397909	2A	1	raw_concat
37	1816494	2A	1	raw_concat
38	1255261	2A	1	raw_concat
39	717112	2A	1	raw_concat
40	245776	2A	1	raw_concat
41	12436	2A	1	raw_concat
0	6	2A	2	raw_concat
1	46	2A	2	raw_concat
2	140	2A	2	raw_concat
3	205	2A	2	raw_concat
4	332	2A	2	raw_concat
5	571	2A	2	raw_concat
6	806	2A	2	raw_concat
7	1234	2A	2	raw_concat
8	1983	2A	2	raw_concat
9	3202	2A	2	raw_concat
10	5181	2A	2	raw_concat
11	8281	2A	2	raw_concat
12	13069	2A	2	raw_concat
13	20446	2A	2	raw_concat
14	31244	2A	2	raw_concat
15	46862	2A	2	raw_concat
16	69857	2A	2	raw_concat
17	102261	2A	2	raw_concat
18	152021	2A	2	raw_concat
19	228681	2A	2	raw_concat
20	353119	2A	2	raw_concat
21	551595	2A	2	raw_concat
22	879859	2A	2	raw_concat
23	1419951	2A	2	raw_concat
24	2308397	2A	2	raw_concat
25	3744753	2A	2	raw_concat
26	5648644	2A	2	raw_concat
27	7302767	2A	2	raw_concat
28	7532565	2A	2	raw_concat
29	5295828	2A	2	raw_concat
30	4923251	2A	2	raw_concat
31	4820272	2A	2	raw_concat
32	4737450	2A	2	raw_concat
33	4493874	2A	2	raw_concat
34	4164080	2A	2	raw_concat
35	3669341	2A	2	raw_concat
36	2983895	2A	2	raw_concat
37	2247704	2A	2	raw_concat
38	1603831	2A	2	raw_concat
39	1037492	2A	2	raw_concat
40	558032	2A	2	raw_concat
41	163293	2A	2	raw_concat
42	4578	2A	2	raw_concat
5	5	2C	1	raw_concat
6	12	2C	1	raw_concat
7	36	2C	1	raw_concat
8	58	2C	1	raw_concat
9	95	2C	1	raw_concat
10	222	2C	1	raw_concat
11	522	2C	1	raw_concat
12	1357	2C	1	raw_concat
13	3195	2C	1	raw_concat
14	7090	2C	1	raw_concat
15	15469	2C	1	raw_concat
16	32589	2C	1	raw_concat
17	66024	2C	1	raw_concat
18	132213	2C	1	raw_concat
19	251212	2C	1	raw_concat
20	459726	2C	1	raw_concat
21	796882	2C	1	raw_concat
22	1305500	2C	1	raw_concat
23	2010600	2C	1	raw_concat
24	2891846	2C	1	raw_concat
25	3826195	2C	1	raw_concat
26	4586944	2C	1	raw_concat
27	4859857	2C	1	raw_concat
28	4468118	2C	1	raw_concat
29	3778377	2C	1	raw_concat
30	3232813	2C	1	raw_concat
31	2897664	2C	1	raw_concat
32	2687853	2C	1	raw_concat
33	2506952	2C	1	raw_concat
34	2276484	2C	1	raw_concat
35	1960344	2C	1	raw_concat
36	1580415	2C	1	raw_concat
37	1170768	2C	1	raw_concat
38	784423	2C	1	raw_concat
39	425646	2C	1	raw_concat
40	134736	2C	1	raw_concat
41	6004	2C	1	raw_concat
0	6	2C	2	raw_concat
1	40	2C	2	raw_concat
2	95	2C	2	raw_concat
3	142	2C	2	raw_concat
4	202	2C	2	raw_concat
5	326	2C	2	raw_concat
6	496	2C	2	raw_concat
7	734	2C	2	raw_concat
8	1118	2C	2	raw_concat
9	1889	2C	2	raw_concat
10	3213	2C	2	raw_concat
11	5066	2C	2	raw_concat
12	8572	2C	2	raw_concat
13	13565	2C	2	raw_concat
14	21128	2C	2	raw_concat
15	32960	2C	2	raw_concat
16	49755	2C	2	raw_concat
17	74254	2C	2	raw_concat
18	112415	2C	2	raw_concat
19	172400	2C	2	raw_concat
20	268509	2C	2	raw_concat
21	427074	2C	2	raw_concat
22	684760	2C	2	raw_concat
23	1109842	2C	2	raw_concat
24	1810175	2C	2	raw_concat
25	2906529	2C	2	raw_concat
26	4223693	2C	2	raw_concat
27	5122899	2C	2	raw_concat
28	4758858	2C	2	raw_concat
29	3576854	2C	2	raw_concat
30	3378254	2C	2	raw_concat
31	3314527	2C	2	raw_concat
32	3241139	2C	2	raw_concat
33	3061491	2C	2	raw_concat
34	2816737	2C	2	raw_concat
35	2444656	2C	2	raw_concat
36	1957968	2C	2	raw_concat
37	1459011	2C	2	raw_concat
38	1024240	2C	2	raw_concat
39	646675	2C	2	raw_concat
40	334531	2C	2	raw_concat
41	89206	2C	2	raw_concat
42	2242	2C	2	raw_concat
5	6	6A	1	raw_concat
6	16	6A	1	raw_concat
7	38	6A	1	raw_concat
8	84	6A	1	raw_concat
9	117	6A	1	raw_concat
10	207	6A	1	raw_concat
11	458	6A	1	raw_concat
12	1167	6A	1	raw_concat
13	2758	6A	1	raw_concat
14	6738	6A	1	raw_concat
15	15900	6A	1	raw_concat
16	36459	6A	1	raw_concat
17	80734	6A	1	raw_concat
18	169776	6A	1	raw_concat
19	333642	6A	1	raw_concat
20	619461	6A	1	raw_concat
21	1080807	6A	1	raw_concat
22	1776258	6A	1	raw_concat
23	2741625	6A	1	raw_concat
24	3967089	6A	1	raw_concat
25	5321018	6A	1	raw_concat
26	6506314	6A	1	raw_concat
27	7083220	6A	1	raw_concat
28	6624015	6A	1	raw_concat
29	5598753	6A	1	raw_concat
30	4747985	6A	1	raw_concat
31	4214741	6A	1	raw_concat
32	3904249	6A	1	raw_concat
33	3657183	6A	1	raw_concat
34	3351193	6A	1	raw_concat
35	2929190	6A	1	raw_concat
36	2396696	6A	1	raw_concat
37	1815093	6A	1	raw_concat
38	1248059	6A	1	raw_concat
39	709893	6A	1	raw_concat
40	239540	6A	1	raw_concat
41	11785	6A	1	raw_concat
0	10	6A	2	raw_concat
1	40	6A	2	raw_concat
2	116	6A	2	raw_concat
3	176	6A	2	raw_concat
4	306	6A	2	raw_concat
5	528	6A	2	raw_concat
6	761	6A	2	raw_concat
7	1213	6A	2	raw_concat
8	2013	6A	2	raw_concat
9	3099	6A	2	raw_concat
10	4901	6A	2	raw_concat
11	7931	6A	2	raw_concat
12	12814	6A	2	raw_concat
13	19965	6A	2	raw_concat
14	32052	6A	2	raw_concat
15	48828	6A	2	raw_concat
16	72638	6A	2	raw_concat
17	108820	6A	2	raw_concat
18	162409	6A	2	raw_concat
19	245608	6A	2	raw_concat
20	377062	6A	2	raw_concat
21	586884	6A	2	raw_concat
22	927729	6A	2	raw_concat
23	1476058	6A	2	raw_concat
24	2362166	6A	2	raw_concat
25	3770578	6A	2	raw_concat
26	5595154	6A	2	raw_concat
27	7206889	6A	2	raw_concat
28	7508495	6A	2	raw_concat
29	5280949	6A	2	raw_concat
30	4900896	6A	2	raw_concat
31	4790284	6A	2	raw_concat
32	4718352	6A	2	raw_concat
33	4475982	6A	2	raw_concat
34	4158653	6A	2	raw_concat
35	3671917	6A	2	raw_concat
36	2994162	6A	2	raw_concat
37	2261998	6A	2	raw_concat
38	1614374	6A	2	raw_concat
39	1049577	6A	2	raw_concat
40	566612	6A	2	raw_concat
41	168357	6A	2	raw_concat
42	4911	6A	2	raw_concat
5	4	6C	1	raw_concat
6	12	6C	1	raw_concat
7	33	6C	1	raw_concat
8	83	6C	1	raw_concat
9	101	6C	1	raw_concat
10	206	6C	1	raw_concat
11	459	6C	1	raw_concat
12	1254	6C	1	raw_concat
13	3141	6C	1	raw_concat
14	7443	6C	1	raw_concat
15	16793	6C	1	raw_concat
16	36789	6C	1	raw_concat
17	76884	6C	1	raw_concat
18	155855	6C	1	raw_concat
19	298350	6C	1	raw_concat
20	538290	6C	1	raw_concat
21	921984	6C	1	raw_concat
22	1488509	6C	1	raw_concat
23	2261521	6C	1	raw_concat
24	3207571	6C	1	raw_concat
25	4203148	6C	1	raw_concat
26	5009451	6C	1	raw_concat
27	5289623	6C	1	raw_concat
28	4846127	6C	1	raw_concat
29	4096262	6C	1	raw_concat
30	3488373	6C	1	raw_concat
31	3119692	6C	1	raw_concat
32	2885439	6C	1	raw_concat
33	2688434	6C	1	raw_concat
34	2441801	6C	1	raw_concat
35	2110730	6C	1	raw_concat
36	1704476	6C	1	raw_concat
37	1270424	6C	1	raw_concat
38	856219	6C	1	raw_concat
39	471481	6C	1	raw_concat
40	152135	6C	1	raw_concat
41	6618	6C	1	raw_concat
0	6	6C	2	raw_concat
1	33	6C	2	raw_concat
2	87	6C	2	raw_concat
3	154	6C	2	raw_concat
4	287	6C	2	raw_concat
5	404	6C	2	raw_concat
6	642	6C	2	raw_concat
7	1047	6C	2	raw_concat
8	1791	6C	2	raw_concat
9	2846	6C	2	raw_concat
10	4520	6C	2	raw_concat
11	7170	6C	2	raw_concat
12	11421	6C	2	raw_concat
13	17492	6C	2	raw_concat
14	27861	6C	2	raw_concat
15	41891	6C	2	raw_concat
16	63696	6C	2	raw_concat
17	96078	6C	2	raw_concat
18	146484	6C	2	raw_concat
19	227809	6C	2	raw_concat
20	357344	6C	2	raw_concat
21	567424	6C	2	raw_concat
22	905146	6C	2	raw_concat
23	1445654	6C	2	raw_concat
24	2291705	6C	2	raw_concat
25	3560437	6C	2	raw_concat
26	4916178	6C	2	raw_concat
27	5534192	6C	2	raw_concat
28	4904136	6C	2	raw_concat
29	3848423	6C	2	raw_concat
30	3651785	6C	2	raw_concat
31	3567446	6C	2	raw_concat
32	3439603	6C	2	raw_concat
33	3207123	6C	2	raw_concat
34	2902112	6C	2	raw_concat
35	2477842	6C	2	raw_concat
36	1956718	6C	2	raw_concat
37	1444438	6C	2	raw_concat
38	1003955	6C	2	raw_concat
39	623536	6C	2	raw_concat
40	315585	6C	2	raw_concat
41	81349	6C	2	raw_concat
42	1865	6C	2	raw_concat
5	6	SS1	1	raw_concat
6	25	SS1	1	raw_concat
7	35	SS1	1	raw_concat
8	79	SS1	1	raw_concat
9	111	SS1	1	raw_concat
10	247	SS1	1	raw_concat
11	635	SS1	1	raw_concat
12	1699	SS1	1	raw_concat
13	4437	SS1	1	raw_concat
14	9926	SS1	1	raw_concat
15	22328	SS1	1	raw_concat
16	48303	SS1	1	raw_concat
17	100581	SS1	1	raw_concat
18	200325	SS1	1	raw_concat
19	375785	SS1	1	raw_concat
20	668529	SS1	1	raw_concat
21	1122360	SS1	1	raw_concat
22	1785200	SS1	1	raw_concat
23	2662922	SS1	1	raw_concat
24	3719233	SS1	1	raw_concat
25	4825185	SS1	1	raw_concat
26	5686196	SS1	1	raw_concat
27	5977394	SS1	1	raw_concat
28	5470878	SS1	1	raw_concat
29	4624032	SS1	1	raw_concat
30	3947180	SS1	1	raw_concat
31	3523971	SS1	1	raw_concat
32	3259544	SS1	1	raw_concat
33	3024511	SS1	1	raw_concat
34	2736207	SS1	1	raw_concat
35	2358463	SS1	1	raw_concat
36	1895978	SS1	1	raw_concat
37	1407412	SS1	1	raw_concat
38	945032	SS1	1	raw_concat
39	517890	SS1	1	raw_concat
40	166136	SS1	1	raw_concat
41	7330	SS1	1	raw_concat
0	16	SS1	2	raw_concat
1	113	SS1	2	raw_concat
2	339	SS1	2	raw_concat
3	531	SS1	2	raw_concat
4	709	SS1	2	raw_concat
5	1150	SS1	2	raw_concat
6	1692	SS1	2	raw_concat
7	2301	SS1	2	raw_concat
8	3437	SS1	2	raw_concat
9	5230	SS1	2	raw_concat
10	7637	SS1	2	raw_concat
11	11344	SS1	2	raw_concat
12	16810	SS1	2	raw_concat
13	24829	SS1	2	raw_concat
14	37059	SS1	2	raw_concat
15	54927	SS1	2	raw_concat
16	79119	SS1	2	raw_concat
17	116663	SS1	2	raw_concat
18	172060	SS1	2	raw_concat
19	260471	SS1	2	raw_concat
20	399598	SS1	2	raw_concat
21	617062	SS1	2	raw_concat
22	958965	SS1	2	raw_concat
23	1495652	SS1	2	raw_concat
24	2331442	SS1	2	raw_concat
25	3605319	SS1	2	raw_concat
26	5124315	SS1	2	raw_concat
27	6235253	SS1	2	raw_concat
28	6100704	SS1	2	raw_concat
29	4445128	SS1	2	raw_concat
30	4147500	SS1	2	raw_concat
31	4034863	SS1	2	raw_concat
32	3933172	SS1	2	raw_concat
33	3697163	SS1	2	raw_concat
34	3403232	SS1	2	raw_concat
35	2965806	SS1	2	raw_concat
36	2390863	SS1	2	raw_concat
37	1789677	SS1	2	raw_concat
38	1262774	SS1	2	raw_concat
39	808132	SS1	2	raw_concat
40	428990	SS1	2	raw_concat
41	120804	SS1	2	raw_concat
42	3254	SS1	2	raw_concat
5	1	SS2	1	raw_concat
6	6	SS2	1	raw_concat
7	18	SS2	1	raw_concat
8	52	SS2	1	raw_concat
9	96	SS2	1	raw_concat
10	173	SS2	1	raw_concat
11	417	SS2	1	raw_concat
12	958	SS2	1	raw_concat
13	2358	SS2	1	raw_concat
14	5439	SS2	1	raw_concat
15	11908	SS2	1	raw_concat
16	26146	SS2	1	raw_concat
17	55601	SS2	1	raw_concat
18	112327	SS2	1	raw_concat
19	212823	SS2	1	raw_concat
20	382391	SS2	1	raw_concat
21	649610	SS2	1	raw_concat
22	1040022	SS2	1	raw_concat
23	1574398	SS2	1	raw_concat
24	2239734	SS2	1	raw_concat
25	2971568	SS2	1	raw_concat
26	3607479	SS2	1	raw_concat
27	3893601	SS2	1	raw_concat
28	3612688	SS2	1	raw_concat
29	3040975	SS2	1	raw_concat
30	2574405	SS2	1	raw_concat
31	2283222	SS2	1	raw_concat
32	2109573	SS2	1	raw_concat
33	1972964	SS2	1	raw_concat
34	1799594	SS2	1	raw_concat
35	1568951	SS2	1	raw_concat
36	1279083	SS2	1	raw_concat
37	961385	SS2	1	raw_concat
38	657612	SS2	1	raw_concat
39	370965	SS2	1	raw_concat
40	122175	SS2	1	raw_concat
41	5455	SS2	1	raw_concat
0	25	SS2	2	raw_concat
1	82	SS2	2	raw_concat
2	277	SS2	2	raw_concat
3	486	SS2	2	raw_concat
4	736	SS2	2	raw_concat
5	923	SS2	2	raw_concat
6	1304	SS2	2	raw_concat
7	1696	SS2	2	raw_concat
8	2486	SS2	2	raw_concat
9	3639	SS2	2	raw_concat
10	5278	SS2	2	raw_concat
11	7912	SS2	2	raw_concat
12	11545	SS2	2	raw_concat
13	17298	SS2	2	raw_concat
14	26024	SS2	2	raw_concat
15	38325	SS2	2	raw_concat
16	56133	SS2	2	raw_concat
17	82536	SS2	2	raw_concat
18	123431	SS2	2	raw_concat
19	188393	SS2	2	raw_concat
20	291217	SS2	2	raw_concat
21	453892	SS2	2	raw_concat
22	711089	SS2	2	raw_concat
23	1112670	SS2	2	raw_concat
24	1725043	SS2	2	raw_concat
25	2612383	SS2	2	raw_concat
26	3522302	SS2	2	raw_concat
27	3939733	SS2	2	raw_concat
28	3602085	SS2	2	raw_concat
29	2798663	SS2	2	raw_concat
30	2637411	SS2	2	raw_concat
31	2564528	SS2	2	raw_concat
32	2469038	SS2	2	raw_concat
33	2298823	SS2	2	raw_concat
34	2080857	SS2	2	raw_concat
35	1782397	SS2	2	raw_concat
36	1418958	SS2	2	raw_concat
37	1049680	SS2	2	raw_concat
38	736050	SS2	2	raw_concat
39	463734	SS2	2	raw_concat
40	241224	SS2	2	raw_concat
41	64337	SS2	2	raw_concat
42	1530	SS2	2	raw_concat
24	29758	1A	1	ribo_initial
25	458471	1A	1	ribo_initial
26	488424	1A	1	ribo_initial
27	470654	1A	1	ribo_initial
28	421050	1A	1	ribo_initial
29	364767	1A	1	ribo_initial
30	320875	1A	1	ribo_initial
31	288002	1A	1	ribo_initial
32	259521	1A	1	ribo_initial
33	226126	1A	1	ribo_initial
34	189666	1A	1	ribo_initial
35	150807	1A	1	ribo_initial
36	115456	1A	1	ribo_initial
37	80153	1A	1	ribo_initial
38	40933	1A	1	ribo_initial
39	5778	1A	1	ribo_initial
40	6	1A	1	ribo_initial
24	2316	1A	2	ribo_initial
25	320300	1A	2	ribo_initial
26	389097	1A	2	ribo_initial
27	438744	1A	2	ribo_initial
28	426914	1A	2	ribo_initial
29	337383	1A	2	ribo_initial
30	316091	1A	2	ribo_initial
31	302971	1A	2	ribo_initial
32	287184	1A	2	ribo_initial
33	264416	1A	2	ribo_initial
34	239452	1A	2	ribo_initial
35	205150	1A	2	ribo_initial
36	162747	1A	2	ribo_initial
37	118197	1A	2	ribo_initial
38	71279	1A	2	ribo_initial
39	27133	1A	2	ribo_initial
40	1073	1A	2	ribo_initial
24	16999	1C	1	ribo_initial
25	264773	1C	1	ribo_initial
26	288665	1C	1	ribo_initial
27	286262	1C	1	ribo_initial
28	260352	1C	1	ribo_initial
29	224511	1C	1	ribo_initial
30	196435	1C	1	ribo_initial
31	176964	1C	1	ribo_initial
32	161089	1C	1	ribo_initial
33	143017	1C	1	ribo_initial
34	123146	1C	1	ribo_initial
35	100721	1C	1	ribo_initial
36	79790	1C	1	ribo_initial
37	56551	1C	1	ribo_initial
38	30287	1C	1	ribo_initial
39	4658	1C	1	ribo_initial
40	7	1C	1	ribo_initial
24	1300	1C	2	ribo_initial
25	169764	1C	2	ribo_initial
26	219525	1C	2	ribo_initial
27	264888	1C	2	ribo_initial
28	273678	1C	2	ribo_initial
29	205369	1C	2	ribo_initial
30	190364	1C	2	ribo_initial
31	183932	1C	2	ribo_initial
32	177077	1C	2	ribo_initial
33	166951	1C	2	ribo_initial
34	155028	1C	2	ribo_initial
35	135946	1C	2	ribo_initial
36	112019	1C	2	ribo_initial
37	83009	1C	2	ribo_initial
38	52806	1C	2	ribo_initial
39	21597	1C	2	ribo_initial
40	974	1C	2	ribo_initial
24	26107	2A	1	ribo_initial
25	400851	2A	1	ribo_initial
26	428769	2A	1	ribo_initial
27	416601	2A	1	ribo_initial
28	374605	2A	1	ribo_initial
29	324802	2A	1	ribo_initial
30	285446	2A	1	ribo_initial
31	256777	2A	1	ribo_initial
32	232251	2A	1	ribo_initial
33	204610	2A	1	ribo_initial
34	172903	2A	1	ribo_initial
35	139309	2A	1	ribo_initial
36	108194	2A	1	ribo_initial
37	74620	2A	1	ribo_initial
38	37994	2A	1	ribo_initial
39	5636	2A	1	ribo_initial
40	7	2A	1	ribo_initial
24	1876	2A	2	ribo_initial
25	255568	2A	2	ribo_initial
26	319664	2A	2	ribo_initial
27	380736	2A	2	ribo_initial
28	395102	2A	2	ribo_initial
29	300648	2A	2	ribo_initial
30	278617	2A	2	ribo_initial
31	267966	2A	2	ribo_initial
32	257240	2A	2	ribo_initial
33	240978	2A	2	ribo_initial
34	221003	2A	2	ribo_initial
35	194340	2A	2	ribo_initial
36	157087	2A	2	ribo_initial
37	115256	2A	2	ribo_initial
38	72769	2A	2	ribo_initial
39	29343	2A	2	ribo_initial
40	1289	2A	2	ribo_initial
24	20252	2C	1	ribo_initial
25	317723	2C	1	ribo_initial
26	341945	2C	1	ribo_initial
27	332487	2C	1	ribo_initial
28	298753	2C	1	ribo_initial
29	259646	2C	1	ribo_initial
30	229715	2C	1	ribo_initial
31	208917	2C	1	ribo_initial
32	189269	2C	1	ribo_initial
33	167463	2C	1	ribo_initial
34	139902	2C	1	ribo_initial
35	110851	2C	1	ribo_initial
36	82562	2C	1	ribo_initial
37	54684	2C	1	ribo_initial
38	26193	2C	1	ribo_initial
39	3292	2C	1	ribo_initial
40	2	2C	1	ribo_initial
24	1396	2C	2	ribo_initial
25	215610	2C	2	ribo_initial
26	269154	2C	2	ribo_initial
27	309925	2C	2	ribo_initial
28	299817	2C	2	ribo_initial
29	236196	2C	2	ribo_initial
30	222150	2C	2	ribo_initial
31	215479	2C	2	ribo_initial
32	207703	2C	2	ribo_initial
33	194553	2C	2	ribo_initial
34	177109	2C	2	ribo_initial
35	152601	2C	2	ribo_initial
36	122053	2C	2	ribo_initial
37	87755	2C	2	ribo_initial
38	52572	2C	2	ribo_initial
39	18967	2C	2	ribo_initial
40	616	2C	2	ribo_initial
24	28144	6A	1	ribo_initial
25	425815	6A	1	ribo_initial
26	454692	6A	1	ribo_initial
27	443003	6A	1	ribo_initial
28	399607	6A	1	ribo_initial
29	347480	6A	1	ribo_initial
30	306294	6A	1	ribo_initial
31	274056	6A	1	ribo_initial
32	246909	6A	1	ribo_initial
33	218027	6A	1	ribo_initial
34	185232	6A	1	ribo_initial
35	148854	6A	1	ribo_initial
36	115879	6A	1	ribo_initial
37	81252	6A	1	ribo_initial
38	42590	6A	1	ribo_initial
39	6290	6A	1	ribo_initial
40	6	6A	1	ribo_initial
24	2052	6A	2	ribo_initial
25	267392	6A	2	ribo_initial
26	329677	6A	2	ribo_initial
27	398497	6A	2	ribo_initial
28	427027	6A	2	ribo_initial
29	318723	6A	2	ribo_initial
30	292800	6A	2	ribo_initial
31	283328	6A	2	ribo_initial
32	275098	6A	2	ribo_initial
33	259041	6A	2	ribo_initial
34	239855	6A	2	ribo_initial
35	212984	6A	2	ribo_initial
36	174927	6A	2	ribo_initial
37	128633	6A	2	ribo_initial
38	80717	6A	2	ribo_initial
39	32188	6A	2	ribo_initial
40	1191	6A	2	ribo_initial
24	22187	6C	1	ribo_initial
25	346632	6C	1	ribo_initial
26	370072	6C	1	ribo_initial
27	358434	6C	1	ribo_initial
28	321167	6C	1	ribo_initial
29	279588	6C	1	ribo_initial
30	246348	6C	1	ribo_initial
31	222621	6C	1	ribo_initial
32	201386	6C	1	ribo_initial
33	178117	6C	1	ribo_initial
34	148995	6C	1	ribo_initial
35	120271	6C	1	ribo_initial
36	91769	6C	1	ribo_initial
37	63025	6C	1	ribo_initial
38	31904	6C	1	ribo_initial
39	4561	6C	1	ribo_initial
40	4	6C	1	ribo_initial
24	1832	6C	2	ribo_initial
25	256361	6C	2	ribo_initial
26	310826	6C	2	ribo_initial
27	339906	6C	2	ribo_initial
28	314096	6C	2	ribo_initial
29	255516	6C	2	ribo_initial
30	240658	6C	2	ribo_initial
31	232664	6C	2	ribo_initial
32	221089	6C	2	ribo_initial
33	204083	6C	2	ribo_initial
34	184577	6C	2	ribo_initial
35	158161	6C	2	ribo_initial
36	124861	6C	2	ribo_initial
37	89318	6C	2	ribo_initial
38	53036	6C	2	ribo_initial
39	19433	6C	2	ribo_initial
40	664	6C	2	ribo_initial
24	33183	SS1	1	ribo_initial
25	532547	SS1	1	ribo_initial
26	590715	SS1	1	ribo_initial
27	585866	SS1	1	ribo_initial
28	532283	SS1	1	ribo_initial
29	462670	SS1	1	ribo_initial
30	409917	SS1	1	ribo_initial
31	373893	SS1	1	ribo_initial
32	344633	SS1	1	ribo_initial
33	307953	SS1	1	ribo_initial
34	264051	SS1	1	ribo_initial
35	213152	SS1	1	ribo_initial
36	162692	SS1	1	ribo_initial
37	110201	SS1	1	ribo_initial
38	53575	SS1	1	ribo_initial
39	7412	SS1	1	ribo_initial
40	5	SS1	1	ribo_initial
24	2386	SS1	2	ribo_initial
25	349534	SS1	2	ribo_initial
26	456156	SS1	2	ribo_initial
27	542295	SS1	2	ribo_initial
28	541532	SS1	2	ribo_initial
29	413332	SS1	2	ribo_initial
30	387457	SS1	2	ribo_initial
31	378375	SS1	2	ribo_initial
32	370654	SS1	2	ribo_initial
33	352965	SS1	2	ribo_initial
34	331725	SS1	2	ribo_initial
35	294180	SS1	2	ribo_initial
36	237770	SS1	2	ribo_initial
37	174650	SS1	2	ribo_initial
38	108042	SS1	2	ribo_initial
39	41975	SS1	2	ribo_initial
40	1720	SS1	2	ribo_initial
24	17883	SS2	1	ribo_initial
25	302992	SS2	1	ribo_initial
26	348454	SS2	1	ribo_initial
27	355207	SS2	1	ribo_initial
28	323280	SS2	1	ribo_initial
29	281047	SS2	1	ribo_initial
30	246749	SS2	1	ribo_initial
31	226036	SS2	1	ribo_initial
32	211845	SS2	1	ribo_initial
33	194328	SS2	1	ribo_initial
34	170618	SS2	1	ribo_initial
35	139645	SS2	1	ribo_initial
36	109389	SS2	1	ribo_initial
37	76219	SS2	1	ribo_initial
38	39175	SS2	1	ribo_initial
39	5492	SS2	1	ribo_initial
40	3	SS2	1	ribo_initial
24	1484	SS2	2	ribo_initial
25	222156	SS2	2	ribo_initial
26	293585	SS2	2	ribo_initial
27	332507	SS2	2	ribo_initial
28	309983	SS2	2	ribo_initial
29	246971	SS2	2	ribo_initial
30	234175	SS2	2	ribo_initial
31	231347	SS2	2	ribo_initial
32	227258	SS2	2	ribo_initial
33	218812	SS2	2	ribo_initial
34	203783	SS2	2	ribo_initial
35	179651	SS2	2	ribo_initial
36	146465	SS2	2	ribo_initial
37	107721	SS2	2	ribo_initial
38	66292	SS2	2	ribo_initial
39	25203	SS2	2	ribo_initial
40	969	SS2	2	ribo_initial
24	3597	1A	1	ribo_secondary
25	54303	1A	1	ribo_secondary
26	60774	1A	1	ribo_secondary
27	60413	1A	1	ribo_secondary
28	55980	1A	1	ribo_secondary
29	49442	1A	1	ribo_secondary
30	44262	1A	1	ribo_secondary
31	40473	1A	1	ribo_secondary
32	36714	1A	1	ribo_secondary
33	31841	1A	1	ribo_secondary
34	27560	1A	1	ribo_secondary
35	21783	1A	1	ribo_secondary
36	17092	1A	1	ribo_secondary
37	11909	1A	1	ribo_secondary
38	5969	1A	1	ribo_secondary
39	742	1A	1	ribo_secondary
40	1	1A	1	ribo_secondary
24	391	1A	2	ribo_secondary
25	34614	1A	2	ribo_secondary
26	46833	1A	2	ribo_secondary
27	57114	1A	2	ribo_secondary
28	59708	1A	2	ribo_secondary
29	45405	1A	2	ribo_secondary
30	42431	1A	2	ribo_secondary
31	40761	1A	2	ribo_secondary
32	38853	1A	2	ribo_secondary
33	35810	1A	2	ribo_secondary
34	33182	1A	2	ribo_secondary
35	29399	1A	2	ribo_secondary
36	24331	1A	2	ribo_secondary
37	18245	1A	2	ribo_secondary
38	11192	1A	2	ribo_secondary
39	4407	1A	2	ribo_secondary
40	179	1A	2	ribo_secondary
24	2261	1C	1	ribo_secondary
25	35753	1C	1	ribo_secondary
26	40755	1C	1	ribo_secondary
27	42189	1C	1	ribo_secondary
28	39168	1C	1	ribo_secondary
29	34520	1C	1	ribo_secondary
30	30713	1C	1	ribo_secondary
31	27833	1C	1	ribo_secondary
32	25590	1C	1	ribo_secondary
33	22508	1C	1	ribo_secondary
34	19567	1C	1	ribo_secondary
35	16084	1C	1	ribo_secondary
36	12857	1C	1	ribo_secondary
37	9272	1C	1	ribo_secondary
38	4755	1C	1	ribo_secondary
39	660	1C	1	ribo_secondary
40	2	1C	1	ribo_secondary
24	239	1C	2	ribo_secondary
25	21335	1C	2	ribo_secondary
26	30163	1C	2	ribo_secondary
27	39358	1C	2	ribo_secondary
28	42673	1C	2	ribo_secondary
29	31600	1C	2	ribo_secondary
30	29100	1C	2	ribo_secondary
31	28239	1C	2	ribo_secondary
32	26620	1C	2	ribo_secondary
33	25203	1C	2	ribo_secondary
34	23819	1C	2	ribo_secondary
35	21646	1C	2	ribo_secondary
36	18252	1C	2	ribo_secondary
37	13458	1C	2	ribo_secondary
38	8917	1C	2	ribo_secondary
39	3708	1C	2	ribo_secondary
40	157	1C	2	ribo_secondary
24	3327	2A	1	ribo_secondary
25	51058	2A	1	ribo_secondary
26	57457	2A	1	ribo_secondary
27	57802	2A	1	ribo_secondary
28	53137	2A	1	ribo_secondary
29	47199	2A	1	ribo_secondary
30	41861	2A	1	ribo_secondary
31	38222	2A	1	ribo_secondary
32	34725	2A	1	ribo_secondary
33	30620	2A	1	ribo_secondary
34	26058	2A	1	ribo_secondary
35	21310	2A	1	ribo_secondary
36	16910	2A	1	ribo_secondary
37	11703	2A	1	ribo_secondary
38	5937	2A	1	ribo_secondary
39	796	2A	1	ribo_secondary
40	4	2A	1	ribo_secondary
24	324	2A	2	ribo_secondary
25	29720	2A	2	ribo_secondary
26	40726	2A	2	ribo_secondary
27	53009	2A	2	ribo_secondary
28	58534	2A	2	ribo_secondary
29	43381	2A	2	ribo_secondary
30	40273	2A	2	ribo_secondary
31	38513	2A	2	ribo_secondary
32	37005	2A	2	ribo_secondary
33	34714	2A	2	ribo_secondary
34	32388	2A	2	ribo_secondary
35	29497	2A	2	ribo_secondary
36	24538	2A	2	ribo_secondary
37	18575	2A	2	ribo_secondary
38	11792	2A	2	ribo_secondary
39	4911	2A	2	ribo_secondary
40	226	2A	2	ribo_secondary
24	2717	2C	1	ribo_secondary
25	41984	2C	1	ribo_secondary
26	46928	2C	1	ribo_secondary
27	47511	2C	1	ribo_secondary
28	43667	2C	1	ribo_secondary
29	38352	2C	1	ribo_secondary
30	34165	2C	1	ribo_secondary
31	31645	2C	1	ribo_secondary
32	28654	2C	1	ribo_secondary
33	25777	2C	1	ribo_secondary
34	21687	2C	1	ribo_secondary
35	17555	2C	1	ribo_secondary
36	13058	2C	1	ribo_secondary
37	8711	2C	1	ribo_secondary
38	4056	2C	1	ribo_secondary
39	471	2C	1	ribo_secondary
40	1	2C	1	ribo_secondary
24	215	2C	2	ribo_secondary
25	25062	2C	2	ribo_secondary
26	35089	2C	2	ribo_secondary
27	44284	2C	2	ribo_secondary
28	45647	2C	2	ribo_secondary
29	34660	2C	2	ribo_secondary
30	32914	2C	2	ribo_secondary
31	31663	2C	2	ribo_secondary
32	30724	2C	2	ribo_secondary
33	28731	2C	2	ribo_secondary
34	27121	2C	2	ribo_secondary
35	23987	2C	2	ribo_secondary
36	19990	2C	2	ribo_secondary
37	14512	2C	2	ribo_secondary
38	8820	2C	2	ribo_secondary
39	3388	2C	2	ribo_secondary
40	132	2C	2	ribo_secondary
24	3454	6A	1	ribo_secondary
25	51173	6A	1	ribo_secondary
26	56836	6A	1	ribo_secondary
27	57339	6A	1	ribo_secondary
28	53302	6A	1	ribo_secondary
29	47083	6A	1	ribo_secondary
30	41706	6A	1	ribo_secondary
31	37658	6A	1	ribo_secondary
32	34372	6A	1	ribo_secondary
33	30392	6A	1	ribo_secondary
34	26274	6A	1	ribo_secondary
35	21562	6A	1	ribo_secondary
36	16808	6A	1	ribo_secondary
37	11895	6A	1	ribo_secondary
38	5911	6A	1	ribo_secondary
39	788	6A	1	ribo_secondary
40	2	6A	1	ribo_secondary
24	392	6A	2	ribo_secondary
25	28973	6A	2	ribo_secondary
26	38703	6A	2	ribo_secondary
27	51270	6A	2	ribo_secondary
28	60304	6A	2	ribo_secondary
29	42872	6A	2	ribo_secondary
30	38636	6A	2	ribo_secondary
31	37471	6A	2	ribo_secondary
32	36490	6A	2	ribo_secondary
33	34501	6A	2	ribo_secondary
34	33028	6A	2	ribo_secondary
35	30302	6A	2	ribo_secondary
36	25744	6A	2	ribo_secondary
37	19681	6A	2	ribo_secondary
38	12750	6A	2	ribo_secondary
39	5225	6A	2	ribo_secondary
40	213	6A	2	ribo_secondary
24	3047	6C	1	ribo_secondary
25	46206	6C	1	ribo_secondary
26	51492	6C	1	ribo_secondary
27	51115	6C	1	ribo_secondary
28	46685	6C	1	ribo_secondary
29	41463	6C	1	ribo_secondary
30	37211	6C	1	ribo_secondary
31	33924	6C	1	ribo_secondary
32	31083	6C	1	ribo_secondary
33	27694	6C	1	ribo_secondary
34	23312	6C	1	ribo_secondary
35	18718	6C	1	ribo_secondary
36	14530	6C	1	ribo_secondary
37	9705	6C	1	ribo_secondary
38	4871	6C	1	ribo_secondary
39	653	6C	1	ribo_secondary
24	341	6C	2	ribo_secondary
25	32572	6C	2	ribo_secondary
26	42279	6C	2	ribo_secondary
27	49315	6C	2	ribo_secondary
28	48042	6C	2	ribo_secondary
29	37833	6C	2	ribo_secondary
30	35536	6C	2	ribo_secondary
31	34292	6C	2	ribo_secondary
32	32421	6C	2	ribo_secondary
33	30083	6C	2	ribo_secondary
34	27884	6C	2	ribo_secondary
35	24329	6C	2	ribo_secondary
36	19697	6C	2	ribo_secondary
37	14590	6C	2	ribo_secondary
38	8990	6C	2	ribo_secondary
39	3392	6C	2	ribo_secondary
40	113	6C	2	ribo_secondary
24	4995	SS1	1	ribo_secondary
25	80409	SS1	1	ribo_secondary
26	91099	SS1	1	ribo_secondary
27	92923	SS1	1	ribo_secondary
28	86413	SS1	1	ribo_secondary
29	76066	SS1	1	ribo_secondary
30	67950	SS1	1	ribo_secondary
31	62514	SS1	1	ribo_secondary
32	57423	SS1	1	ribo_secondary
33	51318	SS1	1	ribo_secondary
34	44385	SS1	1	ribo_secondary
35	36360	SS1	1	ribo_secondary
36	27921	SS1	1	ribo_secondary
37	18903	SS1	1	ribo_secondary
38	8881	SS1	1	ribo_secondary
39	1181	SS1	1	ribo_secondary
40	4	SS1	1	ribo_secondary
24	556	SS1	2	ribo_secondary
25	52264	SS1	2	ribo_secondary
26	69555	SS1	2	ribo_secondary
27	86959	SS1	2	ribo_secondary
28	91165	SS1	2	ribo_secondary
29	68000	SS1	2	ribo_secondary
30	63412	SS1	2	ribo_secondary
31	61065	SS1	2	ribo_secondary
32	58983	SS1	2	ribo_secondary
33	56364	SS1	2	ribo_secondary
34	52986	SS1	2	ribo_secondary
35	48918	SS1	2	ribo_secondary
36	40510	SS1	2	ribo_secondary
37	30406	SS1	2	ribo_secondary
38	19372	SS1	2	ribo_secondary
39	7865	SS1	2	ribo_secondary
40	365	SS1	2	ribo_secondary
24	4013	SS2	1	ribo_secondary
25	69736	SS2	1	ribo_secondary
26	80982	SS2	1	ribo_secondary
27	83841	SS2	1	ribo_secondary
28	77157	SS2	1	ribo_secondary
29	67494	SS2	1	ribo_secondary
30	60064	SS2	1	ribo_secondary
31	55038	SS2	1	ribo_secondary
32	51588	SS2	1	ribo_secondary
33	46935	SS2	1	ribo_secondary
34	41196	SS2	1	ribo_secondary
35	34021	SS2	1	ribo_secondary
36	26480	SS2	1	ribo_secondary
37	17957	SS2	1	ribo_secondary
38	8714	SS2	1	ribo_secondary
39	1128	SS2	1	ribo_secondary
24	427	SS2	2	ribo_secondary
25	47029	SS2	2	ribo_secondary
26	64508	SS2	2	ribo_secondary
27	77153	SS2	2	ribo_secondary
28	76154	SS2	2	ribo_secondary
29	59281	SS2	2	ribo_secondary
30	55869	SS2	2	ribo_secondary
31	55146	SS2	2	ribo_secondary
32	54400	SS2	2	ribo_secondary
33	52395	SS2	2	ribo_secondary
34	49328	SS2	2	ribo_secondary
35	44738	SS2	2	ribo_secondary
36	37272	SS2	2	ribo_secondary
37	27898	SS2	2	ribo_secondary
38	17625	SS2	2	ribo_secondary
39	6815	SS2	2	ribo_secondary
40	306	SS2	2	ribo_secondary
