sample	percent_gc	mean_seq_len	n_read_pairs	percent_duplicates	n_bases_approx	per_base_sequence_quality	per_sequence_quality_scores	per_base_sequence_content	per_sequence_gc_content	per_base_n_content	sequence_length_distribution	sequence_duplication_levels	overrepresented_sequences	adapter_content	stage	per_tile_sequence_quality
SRR23083716	49.5	120.41827926363916	31666106	59.19048169766969	7600000000	pass/pass	pass/pass	fail/fail	warn/fail	pass/pass	warn/warn	fail/warn	warn/pass	pass/pass	cleaned	NA
SRR23083718	49	123.40674055894965	13988380	49.07357900994352	3400000000	pass/pass	pass/pass	fail/fail	fail/warn	pass/pass	warn/warn	fail/warn	pass/pass	pass/pass	cleaned	NA
SRR23083720	49	133.36235136168307	23315741	44.32094683818275	6200000000	pass/pass	pass/pass	fail/fail	warn/warn	pass/pass	warn/warn	warn/warn	pass/pass	pass/pass	cleaned	NA
SRR23083722	44	139.6957053833675	19030616	34.32079486202957	5200000000	pass/pass	pass/pass	fail/fail	pass/pass	pass/pass	warn/warn	warn/warn	pass/pass	pass/pass	cleaned	NA
SRR23083725	44	142.22984793132588	60939178	74.7163083301899	17200000000	pass/pass	pass/pass	fail/fail	warn/warn	pass/pass	warn/warn	fail/fail	pass/pass	pass/pass	cleaned	NA
SRR23083727	48	134.18447559510474	6138625	30.261332859424098	1646000000	pass/pass	pass/pass	fail/fail	fail/fail	pass/pass	warn/warn	warn/pass	pass/pass	pass/pass	cleaned	NA
SRR23083729	50	142.81033078603636	77097541	81.93262382890717	21900000000	pass/pass	pass/pass	fail/fail	warn/warn	pass/pass	warn/warn	fail/fail	pass/pass	pass/pass	cleaned	NA
SRR23083731	50	135.00156368380192	26519428	60.65417530331082	7000000000	pass/pass	pass/pass	fail/fail	fail/fail	pass/pass	warn/warn	fail/fail	warn/pass	pass/pass	cleaned	NA
SRR23083733	44	144.48584956243823	21307963	32.127343514577674	6000000000	pass/pass	pass/pass	fail/fail	pass/pass	pass/pass	warn/warn	warn/pass	pass/pass	pass/pass	cleaned	NA
SRR23083734	50	107.01702654011908	22124166	57.5926423833492	4600000000	pass/pass	pass/pass	fail/fail	warn/warn	pass/pass	warn/warn	fail/warn	pass/pass	pass/pass	cleaned	NA
SRR23083736	51	106.30070902238808	40253877	66.58517233171109	8400000000	pass/pass	pass/pass	fail/fail	warn/warn	pass/pass	warn/warn	fail/fail	warn/pass	pass/pass	cleaned	NA
SRR23083738	49	139.79802843741064	16278205	83.13651421983693	4400000000	pass/pass	pass/pass	fail/fail	warn/warn	pass/pass	warn/warn	fail/fail	pass/pass	pass/pass	cleaned	NA
SRR23083740	49	144.38975451770403	26059476	56.276888855501014	7400000000	pass/pass	pass/pass	fail/fail	fail/warn	pass/pass	warn/warn	fail/warn	warn/pass	pass/pass	cleaned	NA
SRR23083742	50	131.80542889821157	29155216	69.52050685977014	7600000000	pass/pass	pass/pass	fail/fail	warn/warn	pass/pass	warn/warn	fail/fail	warn/pass	pass/pass	cleaned	NA
SRR23083744	49	136.81793181433264	18150266	44.407997367407944	4800000000	pass/pass	pass/pass	fail/fail	warn/warn	pass/pass	warn/warn	fail/warn	pass/pass	pass/pass	cleaned	NA
SRR23083747	45	142.45197480541268	21132158	35.172039921408185	6000000000	pass/pass	pass/pass	fail/fail	pass/pass	pass/pass	warn/warn	warn/pass	pass/pass	pass/pass	cleaned	NA
SRR23083749	50	119.90329893382051	18564604	57.263071259740386	4400000000	pass/pass	pass/pass	fail/fail	warn/warn	pass/pass	warn/warn	fail/warn	pass/pass	pass/pass	cleaned	NA
SRR23083751	46	114.89954298775339	1604771	73.66127345446813	368300000	pass/pass	pass/pass	fail/fail	warn/warn	pass/pass	warn/warn	fail/fail	pass/pass	pass/pass	cleaned	NA
SRR23083753	50	132.7077945675154	3593862	37.549463031805075	953000000	pass/pass	pass/pass	fail/fail	warn/warn	pass/pass	warn/warn	fail/pass	warn/warn	pass/pass	cleaned	NA
SRR23083755	50	138.65908153138082	25575637	40.71831365081531	7000000000	pass/pass	pass/pass	fail/fail	warn/warn	pass/pass	warn/warn	fail/pass	pass/pass	pass/pass	cleaned	NA
SRR23083756	49	121.59794266030202	88639567	72.93621986560171	21400000000	pass/pass	pass/pass	fail/fail	warn/warn	pass/pass	warn/warn	fail/fail	pass/pass	pass/pass	cleaned	NA
SRR23083758	47	137.23918903826848	7593034	15.672362339565296	2000000000	pass/pass	pass/pass	fail/fail	warn/warn	pass/pass	warn/warn	pass/pass	pass/pass	pass/pass	cleaned	NA
SRR23083760	46	143.31224791555013	21870399	30.884289452625882	6200000000	pass/pass	pass/pass	fail/fail	pass/pass	pass/pass	warn/warn	warn/pass	warn/pass	pass/pass	cleaned	NA
SRR23083762	49	129.4964793030786	48642500	70.44099797850953	12500000000	pass/pass	pass/pass	fail/fail	warn/warn	pass/pass	warn/warn	fail/fail	pass/pass	pass/pass	cleaned	NA
SRR23083764	45	123.63543150620143	2790968	62.406475241963555	688700000	pass/pass	pass/pass	fail/fail	pass/pass	pass/pass	warn/warn	fail/fail	pass/pass	pass/pass	cleaned	NA
SRR23083766	49.5	137.30607951460064	46794953	47.744843190724026	12700000000	pass/pass	pass/pass	fail/fail	warn/warn	pass/pass	warn/warn	fail/warn	warn/pass	pass/pass	cleaned	NA
SRR23083769	49	136.39264343369751	8632560	21.849932030676392	2200000000	pass/pass	pass/pass	fail/fail	warn/warn	pass/pass	warn/warn	warn/pass	pass/pass	pass/pass	cleaned	NA
SRR23083771	52	142.3012964849317	24726319	27.692146163261537	7000000000	pass/pass	pass/pass	fail/fail	warn/warn	pass/pass	warn/warn	warn/pass	pass/pass	pass/pass	cleaned	NA
SRR23083773	49	121.97149969283673	23354029	18.575059740067374	5600000000	pass/pass	pass/pass	fail/fail	warn/warn	pass/pass	warn/warn	pass/pass	pass/pass	pass/pass	cleaned	NA
SRR23083775	50	139.07205183755613	62372462	73.6334996446405	17200000000	pass/pass	pass/pass	fail/fail	warn/warn	pass/pass	warn/warn	fail/fail	pass/pass	pass/pass	cleaned	NA
SRR23083778	48.5	126.06849615482045	25857050	65.07830619166825	6400000000	pass/pass	pass/pass	fail/fail	fail/fail	pass/pass	warn/warn	fail/fail	pass/pass	pass/pass	cleaned	NA
SRR23083780	50	117.30802499506574	5634072	47.62545068119103	1321000000	pass/pass	pass/pass	fail/fail	fail/fail	pass/pass	warn/warn	fail/warn	warn/pass	pass/pass	cleaned	NA
SRR23083782	49	130.52366710716996	25472378	60.37832370015831	6600000000	pass/pass	pass/pass	fail/fail	fail/warn	pass/pass	warn/warn	fail/warn	pass/pass	pass/pass	cleaned	NA
SRR23083784	49	130.24410613784823	16997895	55.4461842150268	4400000000	pass/pass	pass/pass	fail/fail	fail/warn	pass/pass	warn/warn	fail/warn	pass/pass	pass/pass	cleaned	NA
SRR23083786	49	110.88330886824721	20057154	58.020707826738466	4400000000	pass/pass	pass/pass	fail/fail	warn/warn	pass/pass	warn/warn	fail/warn	warn/pass	pass/pass	cleaned	NA
SRR23083787	49.5	130.48268128475178	65249586	66.02816623267107	17000000000	pass/pass	pass/pass	fail/fail	warn/warn	pass/pass	warn/warn	fail/fail	pass/pass	pass/pass	cleaned	NA
SRR23083789	49	122.8620669271014	22431212	63.229573317245	5400000000	pass/pass	pass/pass	fail/fail	warn/warn	pass/pass	warn/warn	fail/fail	warn/pass	pass/pass	cleaned	NA
SRR23083790	53	134.29179826044628	26492197	42.44482439247595	7000000000	pass/pass	pass/pass	fail/fail	warn/warn	pass/pass	warn/warn	fail/warn	pass/pass	pass/pass	cleaned	NA
SRR23083792	50	126.00181914144179	36059593	61.78504618841071	9000000000	pass/pass	pass/pass	fail/fail	warn/warn	pass/pass	warn/warn	fail/warn	warn/pass	pass/pass	cleaned	NA
SRR23083794	51	140.31295819902726	13266342	5.7600067535109645	3600000000	pass/pass	pass/pass	fail/fail	warn/warn	pass/pass	warn/warn	pass/pass	pass/pass	pass/pass	cleaned	NA
SRR23083795	49	123.25488891922382	89658313	69.04611108850169	22000000000	pass/pass	pass/pass	fail/fail	warn/warn	pass/pass	warn/warn	fail/fail	pass/pass	pass/pass	cleaned	NA
SRR23083797	49	122.00785223425763	18080077	66.90276786069428	4400000000	pass/pass	pass/pass	fail/fail	warn/warn	pass/pass	warn/warn	fail/fail	warn/pass	pass/pass	cleaned	NA
SRR23083798	51	110.05883321421382	29527768	52.40897417695344	6400000000	pass/pass	pass/pass	fail/fail	warn/warn	pass/pass	warn/warn	fail/warn	warn/pass	pass/pass	cleaned	NA
SRR23083799	50.5	121.65773257886764	21838678	57.925162987698215	5200000000	pass/pass	pass/pass	fail/fail	warn/warn	pass/pass	warn/warn	fail/warn	pass/pass	pass/pass	cleaned	NA
SRR23083801	50	121.51585304608307	45188098	59.79280169366025	10800000000	pass/pass	pass/pass	fail/fail	warn/warn	pass/pass	warn/warn	fail/warn	pass/pass	pass/pass	cleaned	NA
SRR23083804	51	120.71076680540143	17887850	55.70623576213653	4200000000	pass/pass	pass/pass	fail/fail	warn/warn	pass/pass	warn/warn	fail/warn	warn/pass	pass/pass	cleaned	NA
SRR23083806	50	140.46356274869623	54569580	71.38947278592128	15200000000	pass/pass	pass/pass	fail/fail	warn/warn	pass/pass	warn/warn	fail/fail	pass/pass	pass/pass	cleaned	NA
SRR23083808	50.5	117.21153029300893	9499403	43.8090178260598	2200000000	pass/pass	pass/pass	fail/fail	warn/warn	pass/pass	warn/warn	fail/pass	pass/pass	pass/pass	cleaned	NA
SRR23083810	50	130.0830628813757	37725431	62.08776791669371	9800000000	pass/pass	pass/pass	fail/fail	warn/warn	pass/pass	warn/warn	fail/warn	pass/pass	pass/pass	cleaned	NA
SRR23083813	49.5	122.94709128938386	22509441	56.28257060221752	5400000000	pass/pass	pass/pass	fail/fail	warn/warn	pass/pass	warn/warn	fail/warn	pass/pass	pass/pass	cleaned	NA
SRR23083818	48	124.64124788593548	29866047	61.75429046032914	7400000000	pass/pass	pass/pass	fail/fail	fail/warn	pass/pass	warn/warn	fail/warn	pass/pass	pass/pass	cleaned	NA
SRR23083820	47.5	128.7040967214005	54108439	67.39877208751558	13800000000	pass/pass	pass/pass	fail/fail	fail/fail	pass/pass	warn/warn	fail/fail	warn/pass	pass/pass	cleaned	NA
SRR23083822	48	95.50642654114675	18465065	56.32183204011252	3400000000	pass/pass	pass/pass	fail/fail	warn/warn	pass/pass	warn/warn	fail/warn	warn/pass	pass/pass	cleaned	NA
SRR23083823	48	109.32302738893108	25544772	62.29248310013873	5400000000	pass/pass	pass/pass	fail/fail	warn/fail	pass/pass	warn/warn	fail/fail	warn/pass	pass/pass	cleaned	NA
SRR23083825	50	125.74755198222945	23182634	56.50381974440592	5800000000	pass/pass	pass/pass	fail/fail	warn/warn	pass/pass	warn/warn	fail/warn	pass/pass	pass/pass	cleaned	NA
SRR23083716	49.5	114.3059095148769	34152465	59.70106960927015	7700000000	pass/pass	pass/pass	fail/fail	fail/fail	pass/pass	warn/warn	fail/warn	warn/pass	pass/pass	raw_concat	NA/NA
SRR23083718	49	120.90498013804631	15536236	45.764162730815514	3700000000	pass/pass	pass/pass	fail/fail	warn/warn	pass/pass	warn/warn	fail/pass	pass/pass	pass/pass	raw_concat	NA/NA
SRR23083720	49	129.0051031248963	24496461	45.19278518749947	6200000000	pass/pass	pass/pass	fail/fail	warn/warn	pass/pass	warn/warn	warn/warn	pass/pass	pass/pass	raw_concat	pass/pass
SRR23083722	44	136.6108362358766	19873663	35.171532425351664	5400000000	pass/pass	pass/pass	fail/fail	warn/warn	pass/pass	warn/warn	warn/warn	pass/pass	pass/pass	raw_concat	pass/pass
SRR23083725	44	136.94933310688168	65391438	75.19594593927218	17800000000	pass/pass	pass/pass	fail/fail	fail/fail	pass/pass	warn/warn	fail/fail	warn/warn	pass/pass	raw_concat	pass/pass
SRR23083727	48.5	121.67598731069546	7683321	31.643193897855138	1868100000	pass/pass	pass/pass	fail/fail	warn/warn	pass/pass	warn/warn	warn/pass	warn/warn	pass/warn	raw_concat	pass/pass
SRR23083729	50.5	121.32010085992889	106734757	76.98336413845801	25800000000	pass/pass	pass/pass	fail/fail	warn/warn	pass/pass	warn/warn	fail/fail	warn/warn	pass/warn	raw_concat	pass/pass
SRR23083731	50	132.04221182342053	27498895	60.37613779049039	7200000000	pass/pass	pass/pass	fail/fail	fail/fail	pass/pass	warn/warn	fail/fail	warn/pass	pass/pass	raw_concat	pass/pass
SRR23083733	44	143.61802451151482	21866784	32.51232138269162	6200000000	pass/pass	pass/pass	fail/fail	pass/warn	pass/pass	warn/warn	warn/pass	pass/pass	pass/pass	raw_concat	pass/pass
SRR23083734	50.5	94.9744474426635	25615577	60.2155358425267	4800000000	pass/pass	pass/pass	fail/fail	fail/fail	pass/pass	warn/warn	fail/fail	pass/pass	pass/pass	raw_concat	NA/NA
SRR23083736	51	89.31703577995388	49701182	70.16154006123767	8800000000	pass/pass	pass/pass	fail/fail	warn/warn	pass/pass	warn/warn	fail/fail	warn/pass	pass/pass	raw_concat	pass/pass
SRR23083738	49.5	53.97594509819548	50541071	90.16193987035686	5300000000	pass/pass	pass/pass	fail/fail	pass/pass	pass/pass	warn/warn	fail/fail	fail/fail	pass/pass	raw_concat	pass/pass
SRR23083740	49	143.32595273047792	26758722	55.81823876884546	7600000000	pass/pass	pass/pass	fail/fail	fail/fail	pass/pass	warn/warn	fail/warn	warn/pass	pass/pass	raw_concat	pass/pass
SRR23083742	50	128.5782140728673	30488030	68.93634108144938	7800000000	pass/pass	pass/pass	fail/fail	fail/fail	pass/pass	warn/warn	fail/fail	warn/pass	pass/pass	raw_concat	pass/pass
SRR23083744	49	118.59342178179423	21587487	49.33572511619242	5000000000	pass/pass	pass/pass	fail/fail	warn/warn	pass/pass	warn/warn	fail/warn	warn/warn	pass/pass	raw_concat	pass/pass
SRR23083747	45	141.58237210285384	21693115	35.56019466088911	6000000000	pass/pass	pass/pass	fail/fail	pass/pass	pass/pass	warn/warn	warn/pass	pass/pass	pass/pass	raw_concat	pass/pass
SRR23083749	50	94.31876580101525	24611947	63.68808429057283	4600000000	pass/pass	pass/pass	fail/fail	warn/warn	pass/pass	warn/warn	fail/fail	warn/warn	pass/pass	raw_concat	pass/pass
SRR23083751	51	31.577744723225592	10324347	85.22116514348154	649100000	pass/pass	pass/pass	fail/fail	pass/warn	pass/pass	warn/warn	fail/fail	fail/fail	pass/warn	raw_concat	pass/pass
SRR23083753	50.5	119.47003831818807	4526832	37.00761201564652	1080700000	pass/pass	pass/pass	fail/fail	warn/warn	pass/pass	warn/warn	fail/pass	warn/pass	pass/warn	raw_concat	pass/pass
SRR23083755	50	134.6649816639605	26761777	41.33827374390175	7200000000	pass/pass	pass/pass	fail/fail	fail/fail	pass/pass	warn/warn	fail/warn	pass/pass	pass/pass	raw_concat	pass/pass
SRR23083756	49	119.35579526828526	93165126	71.44241364627273	22200000000	pass/pass	pass/pass	fail/fail	fail/fail	pass/pass	warn/warn	fail/fail	pass/pass	pass/pass	raw_concat	pass/pass
SRR23083758	47.5	132.35906217386403	8675446	17.2279124022769	2200000000	pass/pass	pass/pass	fail/fail	warn/warn	pass/pass	warn/warn	pass/pass	pass/pass	pass/pass	raw_concat	pass/pass
SRR23083760	46	140.8476225685855	22756198	31.74474651003482	6400000000	pass/pass	pass/pass	fail/fail	warn/pass	pass/pass	warn/warn	warn/pass	warn/pass	pass/pass	raw_concat	pass/pass
SRR23083762	49	121.19180967280597	53418977	70.89561529822353	12800000000	pass/pass	pass/pass	fail/fail	warn/fail	pass/pass	warn/warn	fail/fail	warn/warn	pass/pass	raw_concat	pass/pass
SRR23083764	50	22.953447481064686	27489114	90.63591708098278	1253800000	pass/pass	pass/pass	fail/fail	pass/pass	pass/pass	warn/warn	fail/fail	fail/fail	pass/pass	raw_concat	pass/pass
SRR23083766	50	121.549086616526	62643623	47.10522971722324	15100000000	pass/pass	pass/pass	fail/fail	warn/warn	pass/pass	warn/warn	fail/warn	warn/warn	pass/warn	raw_concat	pass/pass
SRR23083769	49	132.48155504863846	9885903	21.872352004170764	2500000000	pass/pass	pass/pass	fail/fail	warn/warn	pass/pass	warn/warn	warn/pass	pass/pass	pass/pass	raw_concat	pass/pass
SRR23083771	52	142.37616695863454	25194552	27.686194487314342	7000000000	pass/pass	pass/pass	fail/fail	warn/warn	pass/pass	warn/warn	warn/pass	pass/pass	pass/pass	raw_concat	NA/NA
SRR23083773	49	106.65258621608722	27576698	28.159521300210535	5800000000	pass/pass	pass/pass	fail/fail	pass/pass	pass/pass	warn/warn	warn/pass	warn/pass	pass/pass	raw_concat	pass/pass
SRR23083775	50	138.76497255238962	64262607	72.50498090943202	17800000000	pass/pass	pass/pass	fail/fail	fail/fail	pass/pass	warn/warn	fail/fail	warn/pass	pass/pass	raw_concat	pass/pass
SRR23083778	48.5	116.83087434155777	28567806	65.88540973002695	6600000000	pass/pass	pass/pass	fail/fail	warn/warn	pass/pass	warn/warn	fail/fail	pass/pass	pass/pass	raw_concat	NA/NA
SRR23083780	49.5	114.61079361800518	6390165	43.39793867262843	1463800000	pass/pass	pass/pass	fail/fail	fail/fail	pass/pass	warn/warn	fail/pass	warn/pass	pass/pass	raw_concat	NA/NA
SRR23083782	49	127.4617097667872	26423592	60.1300144157198	6600000000	pass/pass	pass/pass	fail/fail	fail/fail	pass/pass	warn/warn	fail/warn	pass/pass	pass/pass	raw_concat	NA/NA
SRR23083784	49	119.81030788843997	18922081	56.64210581727154	4400000000	pass/pass	pass/pass	fail/fail	warn/warn	pass/pass	warn/warn	fail/warn	pass/pass	pass/pass	raw_concat	NA/NA
SRR23083786	49	106.17873540526054	21319668	58.20710418172882	4400000000	pass/pass	pass/pass	fail/fail	fail/fail	pass/pass	warn/warn	fail/warn	pass/pass	pass/pass	raw_concat	NA/NA
SRR23083787	49.5	120.36739979385572	72582176	66.841770253957307	17400000000	pass/pass	pass/pass	fail/fail	fail/fail	pass/pass	warn/warn	fail/fail	pass/pass	pass/pass	raw_concat	NA/NA
SRR23083789	49	118.03333209140607	23726564	63.24626939730851	5500000000	pass/pass	pass/pass	fail/fail	fail/fail	pass/pass	warn/warn	fail/fail	warn/pass	pass/pass	raw_concat	NA/NA
SRR23083790	53	127.07672470738913	28732700	44.457469459801814	7200000000	pass/pass	pass/pass	fail/fail	fail/fail	pass/pass	warn/warn	fail/warn	pass/pass	pass/pass	raw_concat	pass/pass
SRR23083792	50	114.84213371715711	40626978	63.366122709171236	9200000000	pass/pass	pass/pass	fail/fail	fail/fail	pass/pass	warn/warn	fail/fail	warn/pass	pass/pass	raw_concat	NA/NA
SRR23083794	51	126.18573832165076	15260483	13.538460187883317	3800000000	pass/pass	pass/pass	fail/fail	pass/pass	pass/pass	warn/warn	pass/pass	pass/pass	pass/pass	raw_concat	pass/pass
SRR23083795	49	122.108454077687	93084891	67.75324072573058	22600000000	pass/pass	pass/pass	fail/fail	warn/fail	pass/pass	warn/warn	fail/fail	pass/pass	pass/pass	raw_concat	pass/pass
SRR23083797	49	112.76698089191282	20057162	67.40821757983633	4400000000	pass/pass	pass/pass	fail/fail	warn/fail	pass/pass	warn/warn	fail/fail	warn/pass	pass/pass	raw_concat	NA/NA
SRR23083798	51	95.83625673220301	35169394	56.4346927579804	6600000000	pass/pass	pass/pass	fail/fail	warn/warn	pass/pass	warn/warn	fail/warn	warn/pass	pass/pass	raw_concat	pass/pass
SRR23083799	50.5	117.34382984882141	22987581	57.84616868936229	5200000000	pass/pass	pass/pass	fail/fail	fail/fail	pass/pass	warn/warn	fail/warn	pass/pass	pass/pass	raw_concat	NA/NA
SRR23083801	50	111.54416173598592	50531562	61.196122273321755	11200000000	pass/pass	pass/pass	fail/fail	fail/fail	pass/pass	warn/warn	fail/warn	pass/pass	pass/pass	raw_concat	NA/NA
SRR23083804	51	114.32176191384063	19233869	56.45874146433	4200000000	pass/pass	pass/pass	fail/fail	fail/fail	pass/pass	warn/warn	fail/warn	warn/pass	pass/pass	raw_concat	NA/NA
SRR23083806	50	140.98868058225253	55741383	70.13082947044292	15600000000	pass/pass	pass/pass	fail/fail	warn/fail	pass/pass	warn/warn	fail/fail	pass/pass	pass/pass	raw_concat	NA/NA
SRR23083808	51	102.46522141679097	12644434	44.256387934719356	2500000000	pass/pass	pass/pass	fail/fail	warn/warn	pass/pass	warn/warn	fail/pass	pass/pass	pass/warn	raw_concat	NA/NA
SRR23083810	50	122.23177414764918	40871463	62.92970871423273	9800000000	pass/pass	pass/pass	fail/fail	fail/fail	pass/pass	warn/warn	fail/warn	pass/pass	pass/pass	raw_concat	pass/pass
SRR23083813	50	112.98229353866941	25003302	57.76861654312937	5600000000	pass/pass	pass/pass	fail/fail	fail/fail	pass/pass	warn/warn	fail/warn	pass/pass	pass/pass	raw_concat	NA/NA
SRR23083818	48	117.3683078353951	32262151	62.29602355568649	7400000000	pass/pass	pass/pass	fail/fail	warn/warn	pass/pass	warn/warn	fail/warn	pass/pass	pass/pass	raw_concat	NA/NA
SRR23083820	47.5	118.60055980620265	60208872	67.93013463886169	14200000000	pass/pass	pass/pass	fail/fail	warn/warn	pass/pass	warn/warn	fail/fail	warn/pass	pass/pass	raw_concat	NA/NA
SRR23083822	48.5	80.98204554780676	22583173	60.276355988305696	3600000000	pass/pass	pass/pass	fail/fail	warn/warn	pass/pass	warn/warn	fail/fail	warn/pass	pass/pass	raw_concat	NA/NA
SRR23083823	48	102.88588180081771	27717586	62.71300914741822	5600000000	pass/pass	pass/pass	fail/fail	warn/warn	pass/pass	warn/warn	fail/fail	warn/pass	pass/pass	raw_concat	NA/NA
SRR23083825	50	114.3831256455859	26039331	58.332811827885905	5800000000	pass/pass	pass/pass	fail/fail	fail/fail	pass/pass	warn/warn	fail/warn	pass/pass	pass/pass	raw_concat	NA/NA
SRR23083716	49	125.59194283607845	23175177	24.85513779798449	5800000000	pass/pass	pass/pass	fail/fail	warn/fail	pass/pass	warn/warn	warn/pass	pass/pass	pass/pass	dedup	NA/NA
SRR23083718	48.5	126.77924742818975	11756991	30.329228264775185	2800000000	pass/pass	pass/pass	fail/fail	fail/warn	pass/pass	warn/warn	warn/pass	pass/pass	pass/pass	dedup	NA/NA
SRR23083720	49	134.38729017517613	15253617	26.459561174994285	4000000000	pass/pass	pass/pass	fail/fail	warn/warn	pass/pass	warn/warn	warn/pass	pass/pass	pass/pass	dedup	pass/pass
SRR23083722	44	139.2284586179661	13125539	4.289060746853984	3600000000	pass/pass	pass/pass	fail/fail	pass/pass	pass/pass	warn/warn	pass/pass	pass/pass	pass/pass	dedup	pass/pass
SRR23083725	44.5	136.75058242857656	17829654	16.85900379098055	4800000000	pass/pass	pass/pass	fail/fail	warn/warn	pass/pass	warn/warn	pass/pass	pass/pass	pass/pass	dedup	pass/pass
SRR23083727	48	135.71073147961954	5495095	9.563572977072084	1490100000	pass/pass	pass/pass	fail/fail	fail/fail	pass/pass	warn/warn	pass/pass	pass/pass	pass/pass	dedup	pass/pass
SRR23083729	49.5	141.2622088021295	28595762	30.689278541285756	8000000000	pass/pass	pass/pass	fail/fail	warn/warn	pass/pass	warn/warn	warn/pass	pass/pass	pass/pass	dedup	pass/pass
SRR23083731	50	137.52167092479922	18462710	18.86805577829024	5000000000	pass/pass	pass/pass	fail/fail	fail/fail	pass/pass	warn/warn	pass/pass	pass/pass	pass/pass	dedup	pass/pass
SRR23083733	44	143.93511395723735	15970245	5.936775777265524	4400000000	pass/pass	pass/pass	fail/fail	pass/pass	pass/pass	warn/warn	pass/pass	pass/pass	pass/pass	dedup	pass/pass
SRR23083734	50	113.57009487320369	14316582	30.778231216968187	3200000000	pass/pass	pass/pass	fail/fail	warn/warn	pass/pass	warn/warn	warn/pass	pass/pass	pass/pass	dedup	NA/NA
SRR23083736	50	113.2593305071154	21903713	24.62260120100472	4800000000	pass/pass	pass/pass	fail/fail	warn/warn	pass/pass	warn/warn	warn/pass	pass/pass	pass/pass	dedup	pass/pass
SRR23083738	49	128.81024716302545	4040572	26.306592183292082	1039300000	pass/pass	pass/pass	fail/fail	warn/warn	pass/pass	warn/warn	pass/pass	pass/pass	pass/pass	dedup	pass/pass
SRR23083740	48.5	145.4218041138076	21126073	28.750129899736706	6000000000	pass/pass	pass/pass	fail/fail	fail/warn	pass/pass	warn/warn	warn/pass	pass/pass	pass/pass	dedup	pass/pass
SRR23083742	50	136.63011415888064	19588314	36.87564895664019	5200000000	pass/pass	pass/pass	fail/fail	warn/warn	pass/pass	warn/warn	warn/pass	pass/pass	pass/pass	dedup	pass/pass
SRR23083744	49	136.9284653961297	12612043	9.245496903519843	3400000000	pass/pass	pass/pass	fail/fail	warn/warn	pass/pass	warn/warn	pass/pass	pass/pass	pass/pass	dedup	pass/pass
SRR23083747	45	141.83350436852567	15291200	5.981749476607391	4200000000	pass/pass	pass/pass	fail/fail	pass/pass	pass/pass	warn/warn	pass/pass	pass/pass	pass/pass	dedup	pass/pass
SRR23083749	49.5	124.79944473061443	12267379	16.382164720532707	3000000000	pass/pass	pass/pass	fail/fail	fail/fail	pass/pass	warn/warn	pass/pass	pass/pass	pass/pass	dedup	pass/pass
SRR23083751	47	87.65273702543917	446123	12.991191584319502	77900000	pass/pass	pass/pass	fail/fail	pass/pass	pass/pass	warn/warn	pass/pass	pass/pass	pass/pass	dedup	warn/warn
SRR23083753	50	135.08286969072086	3151134	26.67682887085142	850500000	pass/pass	pass/pass	fail/fail	warn/warn	pass/pass	warn/warn	warn/pass	pass/pass	pass/pass	dedup	pass/pass
SRR23083755	50	139.5065985148538	21233869	11.080804233275117	5800000000	pass/pass	pass/pass	fail/fail	warn/warn	pass/pass	warn/warn	pass/pass	pass/pass	pass/pass	dedup	pass/pass
SRR23083756	49	127.99206409633857	58971356	30.077188053586752	15000000000	pass/pass	pass/pass	fail/fail	warn/warn	pass/pass	warn/warn	warn/pass	pass/pass	pass/pass	dedup	pass/pass
SRR23083758	47	137.8427338450314	7086210	5.469835248235832	1951700000	pass/pass	pass/pass	fail/fail	pass/warn	pass/pass	warn/warn	pass/pass	pass/pass	pass/pass	dedup	pass/pass
SRR23083760	46	142.77012159277987	16344556	4.799342430811414	4600000000	pass/pass	pass/pass	fail/fail	pass/pass	pass/pass	warn/warn	pass/pass	pass/pass	pass/pass	dedup	pass/pass
SRR23083762	49	127.37753755679702	18611012	17.430834582426456	4600000000	pass/pass	pass/pass	fail/fail	warn/warn	pass/pass	warn/warn	pass/pass	pass/pass	pass/pass	dedup	pass/pass
SRR23083764	46	102.89063681722338	1122567	11.584688861087628	230200000	pass/pass	pass/pass	fail/fail	pass/pass	pass/pass	warn/warn	pass/pass	pass/pass	pass/pass	dedup	pass/pass
SRR23083766	49.5	138.13874767457384	37156093	15.173336918175607	10200000000	pass/pass	pass/pass	fail/fail	warn/warn	pass/pass	warn/warn	pass/pass	pass/pass	pass/pass	dedup	pass/pass
SRR23083769	49	137.1235614671283	8046740	7.435686057982728	2100000000	pass/pass	pass/pass	fail/fail	warn/warn	pass/pass	warn/warn	pass/pass	pass/pass	pass/pass	dedup	pass/pass
SRR23083771	52	143.1604727056432	22943369	11.083751013012787	6400000000	pass/pass	pass/pass	fail/fail	warn/warn	pass/pass	warn/warn	pass/pass	pass/pass	pass/pass	dedup	NA/NA
SRR23083773	49	126.72888660267367	19545161	3.0638711282294793	4800000000	pass/pass	pass/pass	fail/fail	pass/pass	pass/pass	warn/warn	pass/pass	pass/pass	pass/pass	dedup	pass/pass
SRR23083775	50	138.59703766090342	31282813	26.92913502981581	8600000000	pass/pass	pass/pass	fail/fail	warn/warn	pass/pass	warn/warn	warn/pass	pass/pass	pass/pass	dedup	pass/pass
SRR23083778	48.5	131.1023696635042	18388729	28.692669019247834	4800000000	pass/pass	pass/pass	fail/fail	fail/fail	pass/pass	warn/warn	warn/pass	pass/pass	pass/pass	dedup	NA/NA
SRR23083780	49.5	121.11439778303983	4503103	28.32731124006276	1090000000	pass/pass	pass/pass	fail/fail	fail/fail	pass/pass	warn/warn	warn/pass	warn/pass	pass/pass	dedup	NA/NA
SRR23083782	49	133.91151674820856	20378478	27.51616155580919	5400000000	pass/pass	pass/pass	fail/fail	fail/warn	pass/pass	warn/warn	warn/pass	pass/pass	pass/pass	dedup	NA/NA
SRR23083784	49	133.11362138227537	14263178	28.687197205916732	3600000000	pass/pass	pass/pass	fail/fail	fail/warn	pass/pass	warn/warn	warn/pass	pass/pass	pass/pass	dedup	NA/NA
SRR23083786	49	116.65801655174121	13083699	22.891302190470498	3000000000	pass/pass	pass/pass	fail/fail	warn/warn	pass/pass	warn/warn	warn/pass	pass/pass	pass/pass	dedup	NA/NA
SRR23083787	49.5	134.1347760121547	52511711	33.522061480782	14000000000	pass/pass	pass/pass	fail/fail	warn/warn	pass/pass	warn/warn	warn/pass	pass/pass	pass/pass	dedup	NA/NA
SRR23083789	49	128.14086296026173	15765106	29.074290992722933	4000000000	pass/pass	pass/pass	fail/fail	warn/warn	pass/pass	warn/warn	warn/pass	pass/pass	pass/pass	dedup	NA/NA
SRR23083790	53	136.61790775683073	23004305	13.274972536027875	6200000000	pass/pass	pass/pass	fail/fail	warn/warn	pass/pass	warn/warn	pass/pass	pass/pass	pass/pass	dedup	pass/pass
SRR23083792	50	130.5243391413501	27902525	28.378784688567304	7200000000	pass/pass	pass/pass	fail/fail	warn/warn	pass/pass	warn/warn	warn/pass	pass/pass	pass/pass	dedup	NA/NA
SRR23083794	51	140.51178524034998	12849844	5.605782235103895	3600000000	pass/pass	pass/pass	fail/fail	warn/warn	pass/pass	warn/warn	pass/pass	pass/pass	pass/pass	dedup	pass/pass
SRR23083795	49	129.99644347104567	58324845	30.143454248279944	15000000000	pass/pass	pass/pass	fail/fail	warn/warn	pass/pass	warn/warn	warn/warn	pass/pass	pass/pass	dedup	pass/pass
SRR23083797	49	127.7630973126383	11980263	35.821294396343276	3000000000	pass/pass	pass/pass	fail/fail	warn/warn	pass/pass	warn/warn	warn/pass	pass/pass	pass/pass	dedup	NA/NA
SRR23083798	51	115.94492774334967	21859718	18.668245620124146	5000000000	pass/pass	pass/pass	fail/fail	warn/warn	pass/pass	warn/warn	pass/pass	pass/pass	pass/pass	dedup	pass/pass
SRR23083799	50	126.13610979040587	16733484	32.057663489231565	4200000000	pass/pass	pass/pass	fail/fail	warn/warn	pass/pass	warn/warn	warn/pass	pass/pass	pass/pass	dedup	NA/NA
SRR23083801	50	125.78946817908162	35588822	27.673548378645695	8800000000	pass/pass	pass/pass	fail/fail	warn/warn	pass/pass	warn/warn	warn/pass	pass/pass	pass/pass	dedup	NA/NA
SRR23083804	51	126.1907873892579	13054204	25.156627264972784	3200000000	pass/pass	pass/pass	fail/fail	warn/warn	pass/pass	warn/warn	warn/pass	pass/pass	pass/pass	dedup	NA/NA
SRR23083806	50	142.95296056784105	42776760	38.073909689034224	12200000000	pass/pass	pass/pass	fail/fail	warn/warn	pass/pass	warn/warn	fail/pass	pass/pass	pass/pass	dedup	NA/NA
SRR23083808	50.5	120.56123140950078	8153291	21.112257262165812	1964200000	pass/pass	pass/pass	fail/fail	warn/warn	pass/pass	warn/warn	warn/pass	pass/pass	pass/pass	dedup	NA/NA
SRR23083810	50	134.49906381238048	30430866	30.037509717078535	8000000000	pass/pass	pass/pass	fail/fail	warn/warn	pass/pass	warn/warn	warn/pass	pass/pass	pass/pass	dedup	pass/pass
SRR23083813	49.5	126.52055511674381	18022155	28.81751156355306	4400000000	pass/pass	pass/pass	fail/fail	warn/warn	pass/pass	warn/warn	warn/pass	pass/pass	pass/pass	dedup	NA/NA
SRR23083818	48	128.78358606006978	22762926	26.09490839417392	5800000000	pass/pass	pass/pass	fail/fail	fail/warn	pass/pass	warn/warn	warn/pass	pass/pass	pass/pass	dedup	NA/NA
SRR23083820	47.5	132.68652102333388	41219509	32.65976814747692	10800000000	pass/pass	pass/pass	fail/fail	fail/warn	pass/pass	warn/warn	warn/pass	pass/pass	pass/pass	dedup	NA/NA
SRR23083822	48	100.11221023358803	10761211	18.084912220650963	2000000000	pass/pass	pass/pass	fail/fail	warn/warn	pass/pass	warn/warn	pass/pass	pass/pass	pass/pass	dedup	NA/NA
SRR23083823	48	115.34034952634163	15839264	21.40898523463983	3600000000	pass/pass	pass/pass	fail/fail	warn/fail	pass/pass	warn/warn	warn/pass	pass/pass	pass/pass	dedup	NA/NA
SRR23083825	50	129.47460988320057	18897097	25.82231688755035	4800000000	pass/pass	pass/pass	fail/fail	warn/warn	pass/pass	warn/warn	warn/pass	pass/pass	pass/pass	dedup	NA/NA
SRR23083716	47	111.72249774709456	7199592	9.515966713625616	1607800000	pass/pass	pass/pass	fail/fail	warn/warn	pass/pass	warn/warn	pass/pass	pass/pass	pass/pass	ribo_initial	NA/NA
SRR23083718	46.5	114.70744910522902	3244685	10.996424347672502	743700000	pass/pass	pass/pass	fail/fail	warn/warn	pass/pass	warn/warn	pass/pass	pass/pass	pass/pass	ribo_initial	NA/NA
SRR23083720	49	134.16156401189173	11617482	14.283442847876891	3000000000	pass/pass	pass/pass	fail/fail	pass/pass	pass/pass	warn/warn	pass/pass	pass/pass	pass/pass	ribo_initial	pass/pass
SRR23083722	44	139.23933374654789	13087632	4.284596282825845	3600000000	pass/pass	pass/pass	fail/fail	pass/warn	pass/pass	warn/warn	pass/pass	pass/pass	pass/pass	ribo_initial	pass/pass
SRR23083725	44.5	136.81375481779548	17691961	16.83885604181622	4800000000	pass/pass	pass/pass	fail/fail	warn/warn	pass/pass	warn/warn	pass/pass	pass/pass	pass/pass	ribo_initial	pass/pass
SRR23083727	45	134.4732961658711	2987380	3.621511047918645	802500000	pass/pass	pass/pass	fail/fail	warn/warn	pass/pass	warn/warn	pass/pass	pass/pass	pass/pass	ribo_initial	pass/pass
SRR23083729	48.5	137.95773516580903	12970795	23.409641497783653	3400000000	pass/pass	pass/pass	fail/fail	warn/pass	pass/pass	warn/warn	warn/pass	pass/pass	pass/pass	ribo_initial	pass/pass
SRR23083731	48	132.83966646684488	6736002	7.432214011331467	1788700000	pass/pass	pass/pass	fail/fail	warn/warn	pass/pass	warn/warn	pass/pass	pass/pass	pass/pass	ribo_initial	pass/pass
SRR23083733	44	143.95399974037625	15899932	5.934492244968041	4400000000	pass/pass	pass/pass	fail/fail	pass/pass	pass/pass	warn/warn	pass/pass	pass/pass	pass/pass	ribo_initial	pass/pass
SRR23083734	49	82.52195797192934	4106208	12.439077315059713	677100000	pass/pass	pass/pass	fail/fail	pass/pass	pass/pass	warn/warn	pass/pass	pass/pass	pass/pass	ribo_initial	NA/NA
SRR23083736	48	99.28388807574416	7427952	7.394319088730448	1473900000	pass/pass	pass/pass	fail/fail	warn/warn	pass/pass	warn/warn	pass/pass	pass/pass	pass/pass	ribo_initial	pass/pass
SRR23083738	47.5	117.15158014801742	2207578	16.839393653023954	516000000	pass/pass	pass/pass	fail/fail	pass/pass	pass/pass	warn/warn	pass/pass	pass/pass	pass/pass	ribo_initial	pass/pass
SRR23083740	47	143.68476838255015	8612434	14.006616512006168	2400000000	pass/pass	pass/pass	fail/fail	pass/warn	pass/pass	warn/warn	pass/pass	pass/pass	pass/pass	ribo_initial	pass/pass
SRR23083742	48	131.61958303440403	4228982	10.744017552730874	1112400000	pass/pass	pass/pass	fail/fail	warn/warn	pass/pass	warn/warn	pass/pass	pass/pass	pass/pass	ribo_initial	pass/pass
SRR23083744	48	133.59213621493032	8318119	4.131790285615011	2200000000	pass/pass	pass/pass	fail/fail	pass/pass	pass/pass	warn/warn	pass/pass	pass/pass	pass/pass	ribo_initial	pass/pass
SRR23083747	45	141.84263395137344	14830699	5.857549654489922	4200000000	pass/pass	pass/pass	fail/fail	pass/pass	pass/pass	warn/warn	pass/pass	pass/pass	pass/pass	ribo_initial	pass/pass
SRR23083749	47	118.79255110106433	4513996	4.941400059075512	1071400000	pass/pass	pass/pass	fail/fail	warn/warn	pass/pass	warn/warn	pass/pass	pass/pass	pass/pass	ribo_initial	pass/pass
SRR23083751	46	80.75316039262216	370840	10.98834192936988	59500000	pass/pass	pass/pass	fail/fail	pass/pass	pass/pass	warn/warn	pass/pass	pass/pass	pass/pass	ribo_initial	pass/warn
SRR23083753	48.5	132.56528953125192	1132762	5.1060822646741215	299900000	pass/pass	pass/pass	fail/fail	warn/warn	pass/pass	warn/warn	pass/pass	pass/pass	pass/pass	ribo_initial	pass/pass
SRR23083755	48	135.84852497148748	11315205	4.334673082203395	3000000000	pass/pass	pass/pass	fail/fail	pass/pass	pass/pass	warn/warn	pass/pass	pass/pass	pass/pass	ribo_initial	pass/pass
SRR23083756	47.5	105.36994764680901	12950500	14.741929566839687	2600000000	pass/pass	pass/pass	fail/fail	warn/warn	pass/pass	warn/warn	pass/pass	pass/pass	pass/pass	ribo_initial	pass/pass
SRR23083758	46.5	138.07693575959746	5892351	3.4031053517089234	1625600000	pass/pass	pass/pass	fail/fail	pass/pass	pass/pass	warn/warn	pass/pass	pass/pass	pass/pass	ribo_initial	pass/pass
SRR23083760	46	142.78026019345737	16294030	4.78788124972025	4600000000	pass/pass	pass/pass	fail/fail	pass/pass	pass/pass	warn/warn	pass/pass	pass/pass	pass/pass	ribo_initial	pass/pass
SRR23083762	48	129.16509962980462	12732736	11.638501020368125	3200000000	pass/pass	pass/pass	fail/fail	warn/pass	pass/pass	warn/warn	pass/pass	pass/pass	pass/pass	ribo_initial	pass/pass
SRR23083764	46	102.0365003469767	1062031	11.051591592337346	215900000	pass/pass	pass/pass	fail/fail	pass/pass	pass/pass	warn/warn	pass/pass	pass/pass	pass/pass	ribo_initial	pass/pass
SRR23083766	47.5	135.79678318723163	19844394	9.330602291429855	5300000000	pass/pass	pass/pass	fail/fail	pass/pass	pass/pass	warn/warn	pass/pass	pass/pass	pass/pass	ribo_initial	pass/pass
SRR23083769	48	135.45751753987543	5471105	2.8470544164947853	1480900000	pass/pass	pass/pass	fail/fail	pass/pass	pass/pass	warn/warn	pass/pass	pass/pass	pass/pass	ribo_initial	pass/pass
SRR23083771	51	142.84967012349796	14544534	4.120436337538337	4000000000	pass/pass	pass/pass	fail/fail	pass/pass	pass/pass	warn/warn	pass/pass	pass/pass	pass/pass	ribo_initial	NA/NA
SRR23083773	49	129.66089903207916	17390058	1.8399005791900436	4400000000	pass/pass	pass/pass	fail/fail	pass/pass	pass/pass	warn/warn	pass/pass	pass/pass	pass/pass	ribo_initial	pass/pass
SRR23083775	50	137.12653650621837	10672264	14.447406963658523	2800000000	pass/pass	pass/pass	fail/fail	warn/warn	pass/pass	warn/warn	pass/pass	pass/pass	pass/pass	ribo_initial	pass/pass
SRR23083778	46	115.89235178272105	4263791	10.097304550935846	987500000	pass/pass	pass/pass	fail/fail	warn/warn	pass/pass	warn/warn	pass/pass	pass/pass	pass/pass	ribo_initial	NA/NA
SRR23083780	47	107.09437358331772	1131164	8.708232722209303	242000000	pass/pass	pass/pass	fail/fail	warn/warn	pass/pass	warn/warn	pass/pass	pass/pass	pass/pass	ribo_initial	NA/NA
SRR23083782	47	119.65500025325258	3770939	12.947500202541598	901900000	pass/pass	pass/pass	fail/fail	warn/warn	pass/pass	warn/warn	pass/pass	pass/pass	pass/pass	ribo_initial	NA/NA
SRR23083784	46	107.47871732386557	3105554	20.232576968732914	666900000	pass/pass	pass/pass	fail/fail	warn/warn	pass/pass	warn/warn	pass/pass	pass/pass	pass/pass	ribo_initial	NA/NA
SRR23083786	47	96.11349184285609	3758975	6.744355170499865	722200000	pass/pass	pass/pass	fail/fail	warn/warn	pass/pass	warn/warn	pass/pass	pass/pass	pass/pass	ribo_initial	NA/NA
SRR23083787	47	105.0460458708147	10308123	9.902365794691505	2000000000	pass/pass	pass/pass	fail/fail	warn/pass	pass/pass	warn/warn	pass/pass	pass/pass	pass/pass	ribo_initial	NA/NA
SRR23083789	46.5	103.29927994582766	3179483	8.247750570894901	656400000	pass/pass	pass/pass	fail/fail	warn/warn	pass/pass	warn/warn	pass/pass	pass/pass	pass/pass	ribo_initial	NA/NA
SRR23083790	53	130.46770883290392	9141184	4.128816071787128	2200000000	pass/pass	pass/pass	fail/fail	warn/pass	pass/pass	warn/warn	pass/pass	pass/pass	pass/pass	ribo_initial	pass/pass
SRR23083792	48	110.22103403434784	6695677	12.298669051723223	1474900000	pass/pass	pass/pass	fail/fail	warn/warn	pass/pass	warn/warn	pass/pass	pass/pass	pass/pass	ribo_initial	NA/NA
SRR23083794	51	140.65357709408215	12707214	5.29936938511176	3400000000	pass/pass	pass/pass	fail/fail	warn/warn	pass/pass	warn/warn	pass/pass	pass/pass	pass/pass	ribo_initial	pass/pass
SRR23083795	49	122.14463692885278	19081026	9.12486712988185	4600000000	pass/pass	pass/pass	fail/fail	pass/pass	pass/pass	warn/warn	pass/pass	pass/pass	pass/pass	ribo_initial	pass/pass
SRR23083797	49	113.4023266866379	3156205	20.24418310045624	715300000	pass/pass	pass/pass	fail/fail	pass/warn	pass/pass	warn/warn	pass/pass	pass/pass	pass/pass	ribo_initial	NA/NA
SRR23083798	50	91.79391739230958	8356268	4.668029328325225	1532900000	pass/pass	pass/pass	fail/fail	pass/pass	pass/pass	warn/warn	pass/pass	pass/pass	pass/pass	ribo_initial	pass/pass
SRR23083799	48	103.23993332419118	3449227	15.752114576773735	711700000	pass/pass	pass/pass	fail/fail	warn/warn	pass/pass	warn/warn	pass/pass	pass/pass	pass/pass	ribo_initial	NA/NA
SRR23083801	48	100.81649972428154	9098049	8.619115493268865	1833000000	pass/pass	pass/pass	fail/fail	warn/warn	pass/pass	warn/warn	pass/pass	pass/pass	pass/pass	ribo_initial	NA/NA
SRR23083804	50	105.71871552206777	3165068	7.468649502797213	668800000	pass/pass	pass/pass	fail/fail	pass/warn	pass/pass	warn/warn	pass/pass	pass/pass	pass/pass	ribo_initial	NA/NA
SRR23083806	48	137.4929956433167	7720552	20.79402176479981	2000000000	pass/pass	pass/pass	fail/fail	warn/warn	pass/pass	warn/warn	pass/pass	pass/pass	pass/pass	ribo_initial	NA/NA
SRR23083808	49	90.7558997840201	2445598	6.316636271294328	443300000	pass/pass	pass/pass	fail/fail	pass/pass	pass/pass	warn/warn	pass/pass	pass/pass	pass/pass	ribo_initial	NA/NA
SRR23083810	48	115.94959770595904	6129969	13.374541776452617	1420500000	pass/pass	pass/pass	fail/fail	warn/warn	pass/pass	warn/warn	pass/pass	pass/pass	pass/pass	ribo_initial	pass/pass
SRR23083813	47.5	98.889483025354	4017315	9.065284111940144	793800000	pass/pass	pass/pass	fail/fail	warn/warn	pass/pass	warn/warn	pass/pass	pass/pass	pass/pass	ribo_initial	NA/NA
SRR23083818	45	107.93353266296586	5544919	7.882569466537383	1196100000	pass/pass	pass/pass	fail/fail	warn/warn	pass/pass	warn/warn	pass/pass	pass/pass	pass/pass	ribo_initial	NA/NA
SRR23083820	45	108.30839496018453	9692339	9.376804557462819	2000000000	pass/pass	pass/pass	fail/fail	warn/warn	pass/pass	warn/warn	pass/pass	pass/pass	pass/pass	ribo_initial	NA/NA
SRR23083822	45	76.83467352527968	4795333	5.423212672135669	736200000	pass/pass	pass/pass	fail/fail	pass/pass	pass/pass	warn/warn	pass/pass	pass/pass	pass/pass	ribo_initial	NA/NA
SRR23083823	45	90.25152451740863	4759047	6.1202202871155436	858500000	pass/pass	pass/pass	fail/fail	warn/warn	pass/pass	warn/warn	pass/pass	pass/pass	pass/pass	ribo_initial	NA/NA
SRR23083825	48	99.22704617526492	3878700	7.661397348915628	769000000	pass/pass	pass/pass	fail/fail	pass/warn	pass/pass	warn/warn	pass/pass	pass/pass	pass/pass	ribo_initial	NA/NA
SRR23083716	45	107.62595491549742	4050882	6.483262843830495	871300000	pass/pass	pass/pass	fail/fail	pass/pass	pass/pass	warn/warn	pass/pass	pass/pass	pass/pass	ribo_secondary	NA
SRR23083718	45	109.78708481817458	1583222	6.6010687678713325	347200000	pass/pass	pass/pass	fail/fail	pass/pass	pass/pass	warn/warn	pass/pass	pass/pass	pass/pass	ribo_secondary	NA
SRR23083720	48	134.14108124145915	10593212	8.513954682297843	2800000000	pass/pass	pass/pass	fail/fail	pass/pass	pass/pass	warn/warn	pass/pass	pass/pass	pass/pass	ribo_secondary	NA
SRR23083722	44	139.24419896936007	13074013	4.284967765368059	3600000000	pass/pass	pass/pass	fail/fail	pass/warn	pass/pass	warn/warn	pass/pass	pass/pass	pass/pass	ribo_secondary	NA
SRR23083725	44.5	136.84068010239682	17650548	16.853852486171604	4800000000	pass/pass	pass/pass	fail/fail	warn/warn	pass/pass	warn/warn	pass/pass	pass/pass	pass/pass	ribo_secondary	NA
SRR23083727	44	134.63603271715036	2405833	2.0598816817196237	647000000	pass/pass	pass/pass	fail/fail	pass/pass	pass/pass	warn/warn	pass/pass	pass/pass	pass/pass	ribo_secondary	NA
SRR23083729	48	135.49578812226264	8465939	23.055574135121326	2200000000	pass/pass	pass/pass	warn/fail	pass/pass	pass/pass	warn/warn	warn/pass	pass/pass	pass/pass	ribo_secondary	NA
SRR23083731	48	132.39688830956686	5105585	3.8083875986421205	1351100000	pass/pass	pass/pass	fail/fail	pass/pass	pass/pass	warn/warn	pass/pass	pass/pass	pass/pass	ribo_secondary	NA
SRR23083733	44	143.9779124691672	15879593	5.945139534008163	4400000000	pass/pass	pass/pass	fail/fail	pass/pass	pass/pass	warn/warn	pass/pass	pass/pass	pass/pass	ribo_secondary	NA
SRR23083734	48	69.16152071550664	1932393	2.594704573635944	266800000	pass/pass	pass/pass	fail/fail	pass/pass	pass/pass	warn/warn	pass/pass	pass/pass	pass/pass	ribo_secondary	NA
SRR23083736	46	100.78381867235402	4311797	4.154208300433936	868000000	pass/pass	pass/pass	fail/fail	pass/pass	pass/pass	warn/warn	pass/pass	pass/pass	pass/pass	ribo_secondary	NA
SRR23083738	47	113.38178683064255	1892636	16.282097115555928	428000000	pass/pass	pass/pass	fail/fail	pass/pass	pass/pass	warn/warn	pass/pass	pass/pass	pass/pass	ribo_secondary	NA
SRR23083740	46	143.13269515917298	6116930	4.343070573854725	1749700000	pass/pass	pass/pass	fail/fail	pass/pass	pass/pass	warn/warn	pass/pass	pass/pass	pass/pass	ribo_secondary	NA
SRR23083742	47	132.44769930503202	2262838	4.500269550752655	598900000	pass/pass	pass/pass	fail/fail	pass/pass	pass/pass	warn/warn	pass/pass	pass/pass	pass/pass	ribo_secondary	NA
SRR23083744	47	132.69941094706616	7462657	3.438500854854695	1979100000	pass/pass	pass/pass	fail/fail	pass/pass	pass/pass	warn/warn	pass/pass	pass/pass	pass/pass	ribo_secondary	NA
SRR23083747	45	141.86504952057993	14766487	5.8713322419801415	4000000000	pass/pass	pass/pass	fail/fail	pass/pass	pass/pass	warn/warn	pass/pass	pass/pass	pass/pass	ribo_secondary	NA
SRR23083749	46	120.52484167783672	3304970	2.6332593505299116	795700000	pass/pass	pass/pass	fail/fail	pass/pass	pass/pass	warn/warn	pass/pass	pass/pass	pass/pass	ribo_secondary	NA
SRR23083751	46	79.00364542384769	353594	11.01803142838014	55500000	pass/pass	pass/pass	fail/fail	pass/pass	pass/pass	warn/warn	pass/pass	pass/pass	pass/pass	ribo_secondary	NA
SRR23083753	47	131.05434548074345	690545	2.8393843705865507	180700000	pass/pass	pass/pass	fail/fail	warn/pass	pass/pass	warn/warn	pass/pass	pass/pass	pass/pass	ribo_secondary	NA
SRR23083755	48	134.66501258922	9434262	2.6449166066141885	2400000000	pass/pass	pass/pass	fail/fail	pass/pass	pass/pass	warn/warn	pass/pass	pass/pass	pass/pass	ribo_secondary	NA
SRR23083756	46	93.80276159174534	5345830	6.061822707706263	1001900000	pass/pass	pass/pass	fail/fail	pass/pass	pass/pass	warn/warn	pass/pass	pass/pass	pass/pass	ribo_secondary	NA
SRR23083758	46	138.14339938390026	5397178	2.905207400823244	1489600000	pass/pass	pass/pass	fail/fail	pass/pass	pass/pass	warn/warn	pass/pass	pass/pass	pass/pass	ribo_secondary	NA
SRR23083760	46	142.78484251602117	16279529	4.792423427630375	4600000000	pass/pass	pass/pass	fail/fail	pass/pass	pass/pass	warn/warn	pass/pass	pass/pass	pass/pass	ribo_secondary	NA
SRR23083762	48	130.24958557730173	10401216	10.456492935270113	2600000000	pass/pass	pass/pass	fail/fail	pass/pass	pass/pass	warn/warn	pass/pass	pass/pass	pass/pass	ribo_secondary	NA
SRR23083764	46	101.94476601631446	1048150	10.99333688868554	212900000	pass/pass	pass/pass	fail/fail	pass/pass	pass/pass	warn/warn	pass/pass	pass/pass	pass/pass	ribo_secondary	NA
SRR23083766	47	135.37110353304024	15877685	8.146657008163942	4200000000	pass/pass	pass/pass	fail/fail	pass/pass	pass/pass	warn/warn	pass/pass	pass/pass	pass/pass	ribo_secondary	NA
SRR23083769	48	134.73918543959908	4691684	2.0382396834857914	1263200000	pass/pass	pass/pass	fail/fail	pass/pass	pass/pass	warn/warn	pass/pass	pass/pass	pass/pass	ribo_secondary	NA
SRR23083771	51	143.11045376003534	13259277	3.1779540146805445	3600000000	pass/pass	pass/pass	fail/fail	pass/pass	pass/pass	warn/warn	pass/pass	pass/pass	pass/pass	ribo_secondary	NA
SRR23083773	48.5	131.09678107893632	16868354	1.7481654213831845	4400000000	pass/pass	pass/pass	fail/fail	pass/pass	pass/pass	warn/warn	pass/pass	pass/pass	pass/pass	ribo_secondary	NA
SRR23083775	49.5	137.89733092636385	5979303	9.930011291817934	1648000000	pass/pass	pass/pass	fail/fail	pass/pass	pass/pass	warn/warn	pass/pass	pass/pass	pass/pass	ribo_secondary	NA
SRR23083778	43.5	111.32821319756255	2244960	6.232433383668884	499400000	pass/pass	pass/pass	fail/fail	pass/warn	pass/pass	warn/warn	pass/pass	pass/pass	pass/pass	ribo_secondary	NA
SRR23083780	44.5	102.89010665099394	558082	5.442277659936252	114600000	pass/pass	pass/pass	fail/fail	pass/warn	pass/pass	warn/warn	pass/pass	pass/pass	pass/pass	ribo_secondary	NA
SRR23083782	45	112.07365470535788	1630758	6.51206114955712	365100000	pass/pass	pass/pass	fail/fail	pass/warn	pass/pass	warn/warn	pass/pass	pass/pass	pass/pass	ribo_secondary	NA
SRR23083784	44	95.97511452975611	1618575	12.503943336605182	310200000	pass/pass	pass/pass	fail/fail	pass/pass	pass/pass	warn/warn	pass/pass	pass/pass	pass/pass	ribo_secondary	NA
SRR23083786	45	93.71382174264686	2127901	4.190670051136394	398500000	pass/pass	pass/pass	fail/fail	pass/pass	pass/pass	warn/warn	pass/pass	pass/pass	pass/pass	ribo_secondary	NA
SRR23083787	45.5	86.71757254987466	4664343	4.896661258539126	807500000	pass/pass	pass/pass	fail/fail	pass/pass	pass/pass	warn/warn	pass/pass	pass/pass	pass/pass	ribo_secondary	NA
SRR23083789	44	95.60437499594215	1540230	5.775482867088215	294100000	pass/pass	pass/pass	fail/fail	pass/warn	pass/pass	warn/warn	pass/pass	pass/pass	pass/pass	ribo_secondary	NA
SRR23083790	54	130.49447699551982	7007961	2.647932813377153	1828000000	pass/pass	pass/pass	fail/fail	warn/warn	pass/pass	warn/warn	pass/pass	pass/pass	pass/pass	ribo_secondary	NA
SRR23083792	47	93.54571338333872	2640649	5.652454193518025	493300000	pass/pass	pass/pass	fail/fail	pass/pass	pass/pass	warn/warn	pass/pass	pass/pass	pass/pass	ribo_secondary	NA
SRR23083794	51	140.81441822827304	12662922	5.317977320834174	3400000000	pass/pass	pass/pass	fail/fail	fail/fail	pass/pass	warn/warn	pass/pass	pass/pass	pass/pass	ribo_secondary	NA
SRR23083795	49	126.17285987189899	11693272	3.843752832570523	2800000000	pass/pass	pass/pass	fail/fail	pass/pass	pass/pass	warn/warn	pass/pass	pass/pass	pass/pass	ribo_secondary	NA
SRR23083797	50	109.81391203624204	1601455	10.093692596128655	351400000	pass/pass	pass/pass	fail/fail	warn/pass	pass/pass	warn/warn	pass/pass	pass/pass	pass/pass	ribo_secondary	NA
SRR23083798	50	86.3247593743514	5020454	2.168841421014001	865700000	pass/pass	pass/pass	fail/fail	pass/pass	pass/pass	warn/warn	pass/pass	pass/pass	pass/pass	ribo_secondary	NA
SRR23083799	46	90.37991270476124	1437650	6.622642294631817	259500000	pass/pass	pass/pass	fail/fail	pass/pass	pass/pass	warn/warn	pass/pass	pass/pass	pass/pass	ribo_secondary	NA
SRR23083801	45.5	86.43082595525456	4321021	3.921241504533704	745800000	pass/pass	pass/pass	fail/fail	pass/pass	pass/pass	warn/warn	pass/pass	pass/pass	pass/pass	ribo_secondary	NA
SRR23083804	49	98.56430605592965	1433372	3.4079164775788513	282200000	pass/pass	pass/pass	fail/fail	pass/pass	pass/pass	warn/warn	pass/pass	pass/pass	pass/pass	ribo_secondary	NA
SRR23083806	46	135.13530586353914	2771432	11.098003100890523	748400000	pass/pass	pass/pass	fail/fail	warn/warn	pass/pass	warn/warn	pass/pass	pass/pass	pass/pass	ribo_secondary	NA
SRR23083808	48	67.92918903206692	1069919	3.0042165789100963	145000000	pass/pass	pass/pass	fail/fail	pass/pass	pass/pass	warn/warn	pass/pass	pass/pass	pass/pass	ribo_secondary	NA
SRR23083810	45.5	109.49543028181105	2551142	8.899888786432697	557900000	pass/pass	pass/pass	fail/fail	pass/pass	pass/pass	warn/warn	pass/pass	pass/pass	pass/pass	ribo_secondary	NA
SRR23083813	45.5	83.19611586307659	1856191	3.7758263710380575	308200000	pass/pass	pass/pass	fail/fail	pass/pass	pass/pass	warn/warn	pass/pass	pass/pass	pass/pass	ribo_secondary	NA
SRR23083818	43	103.45270036547694	3234951	6.878004102936323	668500000	pass/pass	pass/pass	fail/fail	pass/warn	pass/pass	warn/warn	pass/pass	pass/pass	pass/pass	ribo_secondary	NA
SRR23083820	42	99.37261866963382	5338455	5.42617230565687	1059500000	pass/pass	pass/pass	fail/fail	pass/pass	pass/pass	warn/warn	pass/pass	pass/pass	pass/pass	ribo_secondary	NA
SRR23083822	43	71.49401905145282	3110209	3.8242528898770374	444000000	pass/pass	pass/pass	fail/fail	pass/pass	pass/pass	warn/warn	pass/pass	pass/pass	pass/pass	ribo_secondary	NA
SRR23083823	42.5	84.88192300738967	2655060	4.025544513417827	450200000	pass/pass	pass/pass	fail/fail	pass/pass	pass/pass	warn/warn	pass/pass	pass/pass	pass/pass	ribo_secondary	NA
SRR23083825	46	81.96762670032254	1782750	6.365239458385652	291600000	pass/pass	pass/pass	fail/fail	pass/pass	pass/pass	warn/warn	pass/pass	pass/pass	pass/pass	ribo_secondary	NA
