sample,read_id_full,read_id_short,assignment_old,assignment_new,blast_hit_nt_viral,blast_hit_nt,blast_best_match
D23-13405-1,"AV224802:231013_72603_6408E:2320572603,810-00002,2307310022,20240730:1:10102:0403:3142:TCTAGGCT+NNNNNNNN",1:10102:0403:3142,Human mastadenovirus B (taxid 108098),Unclassified (hits to taxid 108098),FALSE,FALSE,None
D23-13405-1,"AV224802:231013_72603_6408E:2320572603,810-00002,2307310022,20240730:1:10603:0328:0567:TCTAGGCT+NNNNNNNN",1:10603:0328:0567,Macacine alphaherpesvirus 1 (taxid 10325),Unclassified (hits to taxid 10325),FALSE,FALSE,Bacterial (Stenotrophomonas)
D23-13405-1,"AV224802:231013_72603_6408E:2320572603,810-00002,2307310022,20240730:1:21304:0821:2638:TCTAGGCT+NNNNNNNN",1:21304:0821:2638,Yaba monkey tumor virus (taxid 38804),Unclassified (hits to taxid 38804),FALSE,FALSE,Bacterial (Flavobacterium) / Viral (Gordonia phage Nedarya)
D23-13405-1,"AV224802:231013_72603_6408E:2320572603,810-00002,2307310022,20240730:1:10204:5122:0531:TCTAGGCT+NNNNNNNN",1:10204:5122:0531,Avian paramyxovirus goose/Shimane/67/2000 (taxid 1401445),Unclassified (no viral hits),FALSE,FALSE,Bacterial (Acidovorax temperans strain LMJ)
D23-13405-1,"AV224802:231013_72603_6408E:2320572603,810-00002,2307310022,20240730:1:20901:3396:1256:TCTAGGCT+NNNNNNNN",1:20901:3396:1256,Hepatitis C virus genotype 2 (taxid 40271),Unclassified (no viral hits),FALSE,FALSE,Bacterial (Flavobacterium)
D23-13405-1,"AV224802:231013_72603_6408E:2320572603,810-00002,2307310022,20240730:1:11503:3203:1707:TCTAGGCT+NNNNNNNN",1:11503:3203:1707,Molluscum contagiosum virus subtype 1 (taxid 10280),Unclassified (read 2 failed quality filtering),FALSE,FALSE,Bacterial (Microbacterium)
D23-13406-2,"AV224802:231013_72603_6408E:2320572603,810-00002,2307310022,20240730:2:20202:3004:2385:CCGCTATT+NNNNNNNN",2:20202:3004:2385,Ekpoma virus 1 (taxid 1987020),Unclassified (hits to taxid 1987020),FALSE,FALSE,Bacterial (Cloacibacterium)
D23-13406-2,"AV224802:231013_72603_6408E:2320572603,810-00002,2307310022,20240730:2:10304:4444:3122:CCGCTATT+NNNNNNNN",2:10304:4444:3122,Ekpoma virus 1 (taxid 1987020),Unclassified (hits to taxid 1987020),FALSE,FALSE,Bacterial (Cloacibacterium)
D23-13406-2,"AV224802:231013_72603_6408E:2320572603,810-00002,2307310022,20240730:2:11403:3457:2144:CCGCTATT+NNNNNNNN",2:11403:3457:2144,Human metapneumovirus (taxid 162145),Unclassified (hits to taxid 162145),FALSE,FALSE,Eukaryotic (Ptychoptera)
D23-13406-2,"AV224802:231013_72603_6408E:2320572603,810-00002,2307310022,20240730:2:21902:3424:3184:CCGCTATT+NNNNNNNN",2:21902:3424:3184,Human betaherpesvirus 6B (taxid 32604),Unclassified (hits to taxid 32604),FALSE,FALSE,Bacterial (Quatrionicoccus)
D23-13406-2,"AV224802:231013_72603_6408E:2320572603,810-00002,2307310022,20240730:2:11903:2428:0754:CCGCTATT+NNNNNNNN",2:11903:2428:0754,Human alphaherpesvirus 1 (taxid 10298),Unclassified (hits to taxid 10298),FALSE,FALSE,"Bacterial (	Verrucomicrobia)"
D23-13406-2,"AV224802:231013_72603_6408E:2320572603,810-00002,2307310022,20240730:2:21904:3435:0179:CCGCTATT+NNNNNNNN",2:21904:3435:0179,Ekpoma virus 1 (taxid 1987020),Unclassified (hits to taxid 1987020),FALSE,FALSE,Bacterial (Cloacibacterium)
D23-13406-2,"AV224802:231013_72603_6408E:2320572603,810-00002,2307310022,20240730:2:20702:5106:2394:CCGCTATT+NNNNNNNN",2:20702:5106:2394,Human papillomavirus KC5 (taxid 1647924),Unclassified (no viral hits),FALSE,FALSE,Bacterial (Pulveribacter) / Eukaryotic (Darwinula)
D23-13406-2,"AV224802:231013_72603_6408E:2320572603,810-00002,2307310022,20240730:2:21102:4135:0742:CCGCTAAT+NNNNNNNN",2:21102:4135:0742,Influenza A virus (A/New York/392/2004(H3N2)) (taxid 335341),Unclassified (excluded during ribodepletion),TRUE,TRUE,Bacterial (Xiphinematobacter) / Viral (Influenza A)
D23-13405-2,"AV224802:231013_72603_6408E:2320572603,810-00002,2307310022,20240730:2:10502:3202:1468:TCTAGGCT+NNNNNNNN",2:10502:3202:1468,Human mastadenovirus E (taxid 130308),Unclassified (hits to taxid 130308),FALSE,FALSE,Viral (Caudoviricetes phage)
D23-13405-2,"AV224802:231013_72603_6408E:2320572603,810-00002,2307310022,20240730:2:12203:5006:1380:TCTAGGCT+NNNNNNNN",2:12203:5006:1380,Senegalvirus marseillevirus (taxid 944645),Unclassified (hits to taxid 944645),FALSE,FALSE,Eukaryotic (Vigna unguiculata)
D23-13405-2,"AV224802:231013_72603_6408E:2320572603,810-00002,2307310022,20240730:2:12102:3184:2302:TCTAGGCT+NNNNNNNN",2:12102:3184:2302,Human herpesvirus 4 type 2 (taxid 12509),Unclassified (hits to taxid 12509),FALSE,FALSE,None
D23-13405-2,"AV224802:231013_72603_6408E:2320572603,810-00002,2307310022,20240730:2:21902:2639:1967:TCTAGGCT+NNNNNNNN",2:21902:2639:1967,Sandfly fever Turkey virus (taxid 688699),Unclassified (hits to taxid 688699),TRUE,TRUE,Viral (Sandfly Sicilian Turkey virus)
D23-13405-2,"AV224802:231013_72603_6408E:2320572603,810-00002,2307310022,20240730:2:21603:4385:2524:TCTAGGCT+NNNNNNNN",2:21603:4385:2524,Orf virus (taxid 10258),Unclassified (read 2 failed quality filtering),FALSE,FALSE,Bacterial (Deinococcus)